sl no,District,Block,School Name,UDISE Code
1,Chumoukedima,Dhansiripar,GHS Akahuto,13060100901
2,Chumoukedima,Dhansiripar,GPS Phushito,13060103301
3,Chumoukedima,Dhansiripar,GHS Dhansiripar,13060102002
4,Chumoukedima,Dhansiripar,GMS Amaluma,13060102502
5,Chumoukedima,Dhansiripar,GMS Dhansiripar,13060102007
6,Chumoukedima,Dhansiripar,GMS Diezephe,13060101802
7,Chumoukedima,Dhansiripar,GPS Khopanala,13060103501
8,Chumoukedima,Dhansiripar,GMS Doyapur,13060102102
9,Chumoukedima,Dhansiripar,GPS Doyapur,13060102101
10,Chumoukedima,Dhansiripar,GPS Ganeshnagar,13060100301
11,Chumoukedima,Dhansiripar,GMS Hazadisa,13060101202
12,Chumoukedima,Dhansiripar,GMS Khekiho,13060100602
13,Chumoukedima,Dhansiripar,GMS Kiyeto,13060101402
14,Chumoukedima,Dhansiripar,GMS Razhaphe,13060102702
15,Chumoukedima,Dhansiripar,GPS Razaphebasa,13060103101
16,Chumoukedima,Dhansiripar,GPS Khiamnok,13060302704
17,Chumoukedima,Dhansiripar,GHS Lhothavi,13060102302
18,Chumoukedima,Dhansiripar,GPS Ghowoto,13060102401
19,Chumoukedima,Dhansiripar,GPS Khekiye,13060100401
20,Chumoukedima,Dhansiripar,GPS Shikuto,13060103401
21,Chumoukedima,Dhansiripar,GMS Manglumukh,13060101102
22,Chumoukedima,Dhansiripar,GPS Daniel Hollohon,13060100501
23,Chumoukedima,Dhansiripar,GMS Shikavi,13060101002
24,Chumoukedima,Dhansiripar,GPS AK Industrial,13060103601
25,Chumoukedima,Dhansiripar,GPS Toshezu,13060100701
26,Chumoukedima,Dhansiripar,GMS Disaguphu,13060101302
27,Chumoukedima,Dhansiripar,GMS Shokhuvi,13060102803
28,Chumoukedima,Dhansiripar,GPS Shitovi,13060102602
29,Chumoukedima,Dhansiripar,GHSS Singrijan,13060100202
30,Chumoukedima,Dhansiripar,GMS Singrijan C,13060100102
31,Chumoukedima,Dhansiripar,GPS Seluophe,13060103201
32,Chumoukedima,Dhansiripar,GMS Murise,13060101603
33,Chumoukedima,Dhansiripar,GMS Tsithrongse,13060101702
34,Chumoukedima,Dhansiripar,GMS Bade,13060102204
35,Chumoukedima,Dhansiripar,GMS Urra,13060101504
36,Chumoukedima,Dhansiripar,GPS Bade Upper Khel,13060102205
37,Chumoukedima,Dhansiripar,GMS Pimla,13060100803
38,Chumoukedima,Dhansiripar,GMS Zutovi,13060101902
39,Chumoukedima,Dhansiripar,GPS Vihoshe,13060103001
40,Chumoukedima,Medziphema,GMS 7th Mile Village,13060301902
41,Chumoukedima,Medziphema,GPS 7th Mile Model Village,13060306101
42,Chumoukedima,Medziphema,GPS Sodzulhou,13060305401
43,Chumoukedima,Medziphema,GHS Chumoukedima Village,13060300302
44,Chumoukedima,Medziphema,GHSS Chumoukedima,13060300301
45,Chumoukedima,Medziphema,GPS Chumoukedima Village,13060300303
46,Chumoukedima,Medziphema,GMS Khaibung,13060303103
47,Chumoukedima,Medziphema,GPS Hekheshe,13060302302
48,Chumoukedima,Medziphema,GPS Zhuikhu,13060305002
49,Chumoukedima,Medziphema,GHS Maova,13060300803
50,Chumoukedima,Medziphema,GMS Tsuuma,13060302502
51,Chumoukedima,Medziphema,GPS Chathe,13060306301
52,Chumoukedima,Medziphema,GPS New Maova,13060302801
53,Chumoukedima,Medziphema,GHSS Medziphema,13060300601
54,Chumoukedima,Medziphema,GMS Medziphema Kuki,13060303702
55,Chumoukedima,Medziphema,GMS Medziphema Town,13060303802
56,Chumoukedima,Medziphema,GMS Medziphema Village,13060301803
57,Chumoukedima,Medziphema,GPS Agri Colony,13060305901
58,Chumoukedima,Medziphema,GHS Molvom,13060304701
59,Chumoukedima,Medziphema,GMS Jharnapani,13060303602
60,Chumoukedima,Medziphema,GMS Kukidolong,13060302403
61,Chumoukedima,Medziphema,GMS Molvom,13060304703
62,Chumoukedima,Medziphema,GPS Bungsang,13060302901
63,Chumoukedima,Medziphema,GPS Kupuhe,13060304301
64,Chumoukedima,Medziphema,GHS Naga United,13060300905
65,Chumoukedima,Medziphema,GMS Model Village 5Th Mile,13060301405
66,Chumoukedima,Medziphema,GMS Sugar Mill,13060304904
67,Chumoukedima,Medziphema,GHS Piphema,13060300402
68,Chumoukedima,Medziphema,GMS Piphema Bazar,13060304802
69,Chumoukedima,Medziphema,GPS Piphema Old,13060303401
70,Chumoukedima,Medziphema,GMS New Chumoukedima,13060304402
71,Chumoukedima,Medziphema,GMS Ruzaphema,13060300201
72,Chumoukedima,Medziphema,GPS New Chumu B,13060305802
73,Chumoukedima,Medziphema,GPS Paglapahar,13060305801
74,Chumoukedima,Medziphema,GPS Ruzaphema Block 3,13060300202
75,Chumoukedima,Medziphema,GMS Seithekema A,13060302103
76,Chumoukedima,Medziphema,GMS Seithekema Basa,13060302002
77,Chumoukedima,Medziphema,GMS Seithekema C,13060300502
78,Chumoukedima,Medziphema,GMS Seithekema Old,13060304603
79,Chumoukedima,Medziphema,GMS New Socunoma,13060305305
80,Chumoukedima,Medziphema,GMS Sirhima,13060303002
81,Chumoukedima,Medziphema,GPS Geljang,13060306501
82,Chumoukedima,Medziphema,GPS Peduzha,13060306201
83,Chumoukedima,Medziphema,GPS Sirhi Angami,13060302601
84,Chumoukedima,Medziphema,GHS Sovima,13060300107
85,Chumoukedima,Medziphema,GMS Khriezephe,13060301202
86,Chumoukedima,Medziphema,GPS Sovima F Khel,13060306001
87,Chumoukedima,Medziphema,GMS Chumukedima Block IV,13060301302
88,Chumoukedima,Medziphema,GHS Tenyiphe I,13060301003
89,Chumoukedima,Medziphema,GPS Tenyiphe I A Khel,13060301005
90,Chumoukedima,Medziphema,GMS Tenyiphe II,13060301006
91,Chumoukedima,Medziphema,GMS Vidima,13060302702
92,Chumoukedima,Medziphema,GPS Tenyiphe III Virazouma,13060305701
93,Chumoukedima,Medziphema,GMS Sakipheto,13060305102
94,Chumoukedima,Medziphema,GMS Tsiepama,13060301702
95,Chumoukedima,Medziphema,GPS Pherima Alato,13060300704
96,Chumoukedima,Medziphema,GPS Tsiepama Model,13060301704
97,Dimapur,Dimapur Urban,GHS Burma Camp,13060500609
98,Dimapur,Dimapur Urban,GMS Chakhesang Colony,13060500802
99,Dimapur,Dimapur Urban,GMS Veterinary Colony,13060501502
100,Dimapur,Dimapur Urban,GMS Ward 4 Ragailong,13060504301
101,Dimapur,Dimapur Urban,GHSS Dimapur,13060500502
102,Dimapur,Dimapur Urban,GMS Dimapur Town,13060500508
103,Dimapur,Dimapur Urban,GMS Kuda,13060502902
104,Dimapur,Dimapur Urban,GPS Mishikito,13060505301
105,Dimapur,Dimapur Urban,GPS Ward No.20 Imkonglenden,13060502404
106,Dimapur,Dimapur Urban,GMS Duncan Ao,13060500202
107,Dimapur,Dimapur Urban,GMS Duncan Lotha,13060500108
108,Dimapur,Dimapur Urban,GPS Ward 13,13060503601
109,Dimapur,Dimapur Urban,GHSS Lengrijan,13060502011
110,Dimapur,Dimapur Urban,GPS Industrial Village Razuphe,13060504601
111,Dimapur,Dimapur Urban,GPS Lengrijan,13060502007
112,Dimapur,Dimapur Urban,GMS Naga New Model Ao,13060503302
113,Dimapur,Dimapur Urban,GMS Naga New Model Sumi,13060501103
114,Dimapur,Dimapur Urban,GPS Naga New Model Angami,13060501004
115,Dimapur,Dimapur Urban,GPS Naga New Model Lotha,13060500901
116,Dimapur,Dimapur Urban,GMS Phaipijang,13060503202
117,Dimapur,Dimapur Urban,GPS Nagarjan A,13060502903
118,Dimapur,Dimapur Urban,GPS Toulazouma,13060504401
119,Dimapur,Dimapur Urban,GPS Valley View,13060505201
120,Dimapur,Dimapur Urban,GHS Sarbura,13060500408
121,Dimapur,Dimapur Urban,GMS Aoyimkum,13060502802
122,Dimapur,Dimapur Urban,GMS Indisen,13060500407
123,Dimapur,Dimapur Urban,GPS Kacharigaon Phevima,13060504501
124,Dimapur,Dimapur Urban,GPS Senjum,13060500405
125,Dimapur,Dimapur Urban,GHS Sematilla,13060503001
126,Dimapur,Dimapur Urban,GMS Ward 23 Metha Colony,13060503802
127,Dimapur,Dimapur Urban,GMS Lhomithi,13060501607
128,Dimapur,Dimapur Urban,GHS Signal Angami,13060501804
129,Dimapur,Dimapur Urban,GPS Kevijau Colony,13060504801
130,Dimapur,Dimapur Urban,GPS Y. Zhimo Colony,13060504701
131,Dimapur,Dimapur Urban,GHS Thahekhu,13060501907
132,Dimapur,Dimapur Urban,GMS Rangapahar Crossing,13060500701
133,Dimapur,Dimapur Urban,GMS Sangtamilla,13060501302
134,Dimapur,Dimapur Urban,GPS Thahekhu Block 7,13060501909
135,Dimapur,Dimapur Urban,GMS Midland Dimapur,13060501205
136,Dimapur,Dimapur Urban,GMS Zeliangrong,13060501406
137,Dimapur,Dimapur Urban,GPS K. Sachu Colony,13060501608
138,Dimapur,Khushiabil,GMS Chekiye,13060200401
139,Dimapur,Khushiabil,GPS Chekiye Aphuyesah,13060200410
140,Dimapur,Khushiabil,GPS Chekiye Aqasa,13060200408
141,Dimapur,Khushiabil,GPS Thilixu Block 1,13060201505
142,Dimapur,Khushiabil,GPS Thilixu Block 4,13060201507
143,Dimapur,Khushiabil,GHS Darogapathar,13060203404
144,Dimapur,Khushiabil,GHS Naharbari,13060200605
145,Dimapur,Khushiabil,GHS Thilixu,13060201501
146,Dimapur,Khushiabil,GPS Thilixu Block 2,13060201506
147,Dimapur,Khushiabil,GHSS Diphupar A,13060206001
148,Dimapur,Khushiabil,GMS Diphupar Ao,13060201701
149,Dimapur,Khushiabil,GPS Diphupar Angami,13060202401
150,Dimapur,Khushiabil,GPS Diphupar Chakhesang,13060202301
151,Dimapur,Khushiabil,GHS Diphupar B,13060202703
152,Dimapur,Khushiabil,GPS Ikishe,13060212001
153,Dimapur,Khushiabil,GMS Diphupar Sumi,13060201604
154,Dimapur,Khushiabil,GMS Diphupar Tangkhul,13060202004
155,Dimapur,Khushiabil,GPS Diphupar Lotha,13060203201
156,Dimapur,Khushiabil,GPS Diphupar Rongmei,13060203701
157,Dimapur,Khushiabil,GMS Dubagaon,13060200801
158,Dimapur,Khushiabil,GPS Eralibil,13060201301
159,Dimapur,Khushiabil,GPS K Hollohon,13060205801
160,Dimapur,Khushiabil,GMS Aoyimti,13060206202
161,Dimapur,Khushiabil,GMS Ekranipathar,13060210102
162,Dimapur,Khushiabil,GPS Aoyimti,13060206201
163,Dimapur,Khushiabil,GPS Kirha,13060212201
164,Dimapur,Khushiabil,GHS Khaghaboto,13060210802
165,Dimapur,Khushiabil,GPS Ghonivi,13060210501
166,Dimapur,Khushiabil,GPS Pishikhu,13060211201
167,Dimapur,Khushiabil,GMS Hoito,13060209702
168,Dimapur,Khushiabil,GMS Khehokhu,13060209202
169,Dimapur,Khushiabil,GMS Suhoi,13060209402
170,Dimapur,Khushiabil,GPS Xekiye,13060208501
171,Dimapur,Khushiabil,GHS Kuhuboto,13060208701
172,Dimapur,Khushiabil,GMS Pukhato,13060208603
173,Dimapur,Khushiabil,GPS Ghokito,13060208401
174,Dimapur,Khushiabil,GPS Kuhuboto,13060208704
175,Dimapur,Khushiabil,GPS Luzheto,13060211301
176,Dimapur,Khushiabil,GPS S Hotovi,13060209001
177,Dimapur,Khushiabil,GHS Kushiabill,13060204602
178,Dimapur,Khushiabil,GMS Darogajan,13060206602
179,Dimapur,Khushiabil,GPS Bamunpukhuri A,13060203601
180,Dimapur,Khushiabil,GPS Doshehe,13060204603
181,Dimapur,Khushiabil,GHS Nihoto,13060208902
182,Dimapur,Khushiabil,GMS Lotovi,13060209303
183,Dimapur,Khushiabil,GPS Henivi,13060207901
184,Dimapur,Khushiabil,GPS Khughovi,13060208201
185,Dimapur,Khushiabil,GPS Hukato,13060211501
186,Dimapur,Khushiabil,GPS Nizhevi Khushiabil,13060209501
187,Dimapur,Khushiabil,GPS Vikuho,13060209601
188,Dimapur,Khushiabil,GPS Zuvukhu,13060211601
189,Dimapur,Khushiabil,GPS Kiyezhe,13060211602
190,Dimapur,Khushiabil,GHSS Purana Bazar,13060200301
191,Dimapur,Khushiabil,GMS Padumpukhuri,13060201405
192,Dimapur,Khushiabil,GMS Purana Bazar A,13060201103
193,Dimapur,Khushiabil,GPS Padumpukhuri Block 3,13060201409
194,Dimapur,Khushiabil,GPS Purana Bazar Sumi,13060212101
195,Dimapur,Khushiabil,GMS Sahoi,13060210902
196,Dimapur,Khushiabil,GMS Shitoi,13060211401
197,Dimapur,Khushiabil,GPS Hevishe,13060210601
198,Dimapur,Khushiabil,GPS Kiyelho,13060210701
199,Dimapur,Khushiabil,GPS Xukiye,13060208801
200,Dimapur,Khushiabil,GMS Showuba Old,13060208303
201,Dimapur,Khushiabil,GMS Xelhozhe,13060204605
202,Dimapur,Khushiabil,GPS Aoyim,13060210401
203,Dimapur,Khushiabil,GPS Showuba New Loyir,13060208001
204,Dimapur,Khushiabil,GHS Toluvi,13060201804
205,Dimapur,Khushiabil,GMS Bamunpukhuri B,13060203502
206,Dimapur,Khushiabil,GMS Purana Bazar B,13060206103
207,Dimapur,Khushiabil,GMS Zani,13060202502
208,Dimapur,Khushiabil,GPS Samaguri,13060201201
209,Dimapur,Khushiabil,GMS Hokhezhe,13060211702
210,Dimapur,Khushiabil,GMS Vihokhu,13060208103
211,Dimapur,Khushiabil,GMS Ekhyo Yan,13060206402
212,Dimapur,Khushiabil,GMS Shozukhu,13060206501
213,Dimapur,Khushiabil,GMS Zukihe,13060211001
214,Dimapur,Khushiabil,GPS L Hotovi,13060206301
215,Kiphire,Kiphire,GHS Amahator,13100801202
216,Kiphire,Kiphire,GMS Changchor,13100800401
217,Kiphire,Kiphire,GPS Amahator Village,13100803302
218,Kiphire,Kiphire,GMS Anatongre,13100802402
219,Kiphire,Kiphire,GPS Anatongre,13100802401
220,Kiphire,Kiphire,GPS Tsongphong,13100802801
221,Kiphire,Kiphire,GPS Kisetong,13100802203
222,Kiphire,Kiphire,GHS Kichang,13100800201
223,Kiphire,Kiphire,GMS Hurong,13100801301
224,Kiphire,Kiphire,GHS Yangphi,13100800125
225,Kiphire,Kiphire,GHSS Kiphire Town,13100800101
226,Kiphire,Kiphire,GMS Kiphire Town Station B,13100800102
227,Kiphire,Kiphire,GMS Kipongya,13100800112
228,Kiphire,Kiphire,GMS Longya,13100800122
229,Kiphire,Kiphire,GMS Medical Ward,13100800114
230,Kiphire,Kiphire,GMS Phed Ward,13100800113
231,Kiphire,Kiphire,GPS Kiza,13100800127
232,Kiphire,Kiphire,GPS Longthonger,13100801601
233,Kiphire,Kiphire,GMS Kiphire Village,13100801802
234,Kiphire,Kiphire,GPS Kiphire Village,13100801804
235,Kiphire,Kiphire,GHS Longmatra Town,13100800702
236,Kiphire,Kiphire,GPS Longmatra Town,13100802901
237,Kiphire,Kiphire,GPS Longmatra Town Station B,13100802903
238,Kiphire,Kiphire,GPS Longmatra Village,13100802702
239,Kiphire,Kiphire,GPS Nyutsu,13100802405
240,Kiphire,Kiphire,GPS Azesto,13100803801
241,Kiphire,Kiphire,GPS New Longmatra,13100802001
242,Kiphire,Kiphire,GPS Ngromi,13100801101
243,Kiphire,Kiphire,GHS Phelungre,13100800503
244,Kiphire,Kiphire,GPS Phelungre,13100800502
245,Kiphire,Kiphire,GMS New Risethsi,13100801001
246,Kiphire,Kiphire,GMS Old Risethsi,13100801501
247,Kiphire,Kiphire,GMS Yingshukiur,13100801401
248,Kiphire,Kiphire,GMS Sanphure,13100800901
249,Kiphire,Kiphire,GMS Tutheyo,13100801901
250,Kiphire,Kiphire,GPS Sangtsoze,13100803601
251,Kiphire,Kiphire,GHS Singrep,13100800601
252,Kiphire,Kiphire,GPS Langkok,13100802101
253,Kiphire,Kiphire,GPS Pongren,13100802301
254,Kiphire,Kiphire,GPS Tutheze,13100802601
255,Kiphire,Pungro,GPS Khong,13100900109
256,Kiphire,Pungro,GPS Longkhimvong,13100901001
257,Kiphire,Pungro,GMS Khongjiri,13100901301
258,Kiphire,Pungro,GPS Lopfukhong,13100901601
259,Kiphire,Pungro,GPS Hakkomute,13100900108
260,Kiphire,Pungro,GPS Khongka,13100901501
261,Kiphire,Pungro,GHS Kiusam Town,13100900501
262,Kiphire,Pungro,GPS Kiusam,13100903801
263,Kiphire,Pungro,GPS Luthur,13100901101
264,Kiphire,Pungro,GPS Tekenvong,13100900901
265,Kiphire,Pungro,GHS Mimi Village,13100900604
266,Kiphire,Pungro,GPS Mutenkhong,13100900107
267,Kiphire,Pungro,GMS Moya,13100902601
268,Kiphire,Pungro,GPS New Vongti,13100900802
269,Kiphire,Pungro,GMS Penkim,13100901201
270,Kiphire,Pungro,GPS Fakim,13100901401
271,Kiphire,Pungro,GPS Tsundang,13100903001
272,Kiphire,Pungro,GHS Phuvkiu Village,13100900304
273,Kiphire,Pungro,GMS Zhimkiur,13100900702
274,Kiphire,Pungro,GMS Longtsunger,13100901901
275,Kiphire,Pungro,GMS Pokphur,13100902201
276,Kiphire,Pungro,GPS Chikiuponger,13100902301
277,Kiphire,Pungro,GHSS Pungro Town,13100900101
278,Kiphire,Pungro,GMS Pungro Town,13100900102
279,Kiphire,Pungro,GMS Pungro Village,13100902501
280,Kiphire,Pungro,GPS Pungro Forest Ward,13100900111
281,Kiphire,Pungro,GPS Old Vongti,13100900801
282,Kiphire,Pungro,GHS Salomi,13100900204
283,Kiphire,Pungro,GPS Khongsa,13100903902
284,Kiphire,Pungro,GMS Thanamir,13100901701
285,Kiphire,Pungro,GMS Metonger,13100902001
286,Kiphire,Pungro,GMS Sangkhumti,13100902101
287,Kiphire,Pungro,GPS Sangthsong,13100902401
288,Kiphire,Pungro,GPS Vongtsuvong,13100903701
289,Kiphire,Pungro,GMS Zanger,13100900403
290,Kiphire,Pungro,GPS Iponger,13100901801
291,Kiphire,Seyochung,GHS Longya,13101001401
292,Kiphire,Seyochung,GPS Thangthure Sector B,13101000502
293,Kiphire,Seyochung,GPS Yingphire,13101000401
294,Kiphire,Seyochung,GMS Natsami A,13101002501
295,Kiphire,Seyochung,GPS Natsami B,13101002301
296,Kiphire,Seyochung,GHS Phisami,13101001102
297,Kiphire,Seyochung,GPS Lukhami,13101001001
298,Kiphire,Seyochung,GHS Seyochung Town,13101000101
299,Kiphire,Seyochung,GPS Yangzithong A,13101000801
300,Kiphire,Seyochung,GPS Yangzithong B,13101000901
301,Kiphire,Seyochung,GPS New Monger,13101000201
302,Kiphire,Seyochung,GHS Seyochung Village,13101000602
303,Kiphire,Seyochung,GPS Shothumi A,13101001201
304,Kiphire,Seyochung,GPS Shothumi B,13101001301
305,Kiphire,Seyochung,GHS Sitimi Town,13101001701
306,Kiphire,Seyochung,GMS Nitoi,13101001901
307,Kiphire,Seyochung,GPS Kiyezhe Village,13101002901
308,Kiphire,Seyochung,GPS Nikiye,13101002801
309,Kiphire,Seyochung,GPS Sitimi A,13101001501
310,Kiphire,Seyochung,GPS Sitimi B,13101001601
311,Kiphire,Seyochung,GPS Honito,13101001801
312,Kiphire,Seyochung,GMS Thsinger,13101000701
313,Kiphire,Seyochung,GPS Langzanger,13101002401
314,Kiphire,Seyochung,GMS Thazuvi,13101002001
315,Kiphire,Seyochung,GMS Yangsekyu,13101002101
316,Kiphire,Seyochung,GPS Xuvishe,13101002701
317,Kohima,Chiephobozou,GHS Botsa,13070300802
318,Kohima,Chiephobozou,GHSS Chiechama,13070300404
319,Kohima,Chiephobozou,GMS Chiechama Centre,13070300402
320,Kohima,Chiephobozou,GPS Nachama,13070300501
321,Kohima,Chiephobozou,GHS Diki,13070302602
322,Kohima,Chiephobozou,GPS Diho Bawe,13070302601
323,Kohima,Chiephobozou,GMS Gareiphema,13070301001
324,Kohima,Chiephobozou,GPS Gareiphe Basa,13070301101
325,Kohima,Chiephobozou,GMS Kijumetouma,13070302801
326,Kohima,Chiephobozou,GPS Kijumetouma Basa,13070303401
327,Kohima,Chiephobozou,GMS Chuziema,13070301701
328,Kohima,Chiephobozou,GMS Meriema,13070301601
329,Kohima,Chiephobozou,GHS Nerhe Model,13070300103
330,Kohima,Chiephobozou,GMS Tekhuzie,13070300102
331,Kohima,Chiephobozou,GPS Nerhe Phezha,13070300301
332,Kohima,Chiephobozou,GPS Tsiesebou,13070300101
333,Kohima,Chiephobozou,GHS Rusoma,13070301803
334,Kohima,Chiephobozou,GPS Ruso Bawe,13070301802
335,Kohima,Chiephobozou,GMS Seiyhama,13070300701
336,Kohima,Chiephobozou,GPS Seiyha Phesa,13070303101
337,Kohima,Chiephobozou,GPS Tsiemekhuma,13070301901
338,Kohima,Chiephobozou,GPS Tsiemekhuma Basa,13070302001
339,Kohima,Chiephobozou,GMS Tsiesema,13070301401
340,Kohima,Chiephobozou,GPS Tsiesema Basa,13070301501
341,Kohima,Chiephobozou,GMS Tuophema,13070300903
342,Kohima,Chiephobozou,GPS Tuophe Phezou,13070303201
343,Kohima,Chiephobozou,GPS Teichuma,13070303301
344,Kohima,Chiephobozou,GPS Viphoma,13070302301
345,Kohima,Chiephobozou,GHS Zhadima,13070301204
346,Kohima,Chiephobozou,GPS Zhadi Basa,13070301201
347,Kohima,Chiephobozou,GPS Zhadi Kimho,13070301203
348,Kohima,Chiephobozou,GMS Phekerkriema,13070301301
349,Kohima,Chiephobozou,GMS Ziezou,13070302101
350,Kohima,L.Khel,GHS Chandmari,13070701205
351,Kohima,L.Khel,GMS Lower Chandmari,13070701302
352,Kohima,L.Khel,GPS Tsiepfu Tsiepfhe,13070701507
353,Kohima,L.Khel,GMS Chedema,13070702402
354,Kohima,L.Khel,GPS Chedema Model Village,13070702501
355,Kohima,L.Khel,GHS Forest Colony,13070701704
356,Kohima,L.Khel,GMS Officer's Hill,13070701002
357,Kohima,L.Khel,GPS P. R. Hill,13070701902
358,Kohima,L.Khel,GHS Phezoucha New Sectt. Colony,13070702307
359,Kohima,L.Khel,GPS High School Area,13070700108
360,Kohima,L.Khel,Ruzhukhrie GHSS,13070700101
361,Kohima,L.Khel,GMS L Khel,13070702306
362,Kohima,L.Khel,GPS Kenuozou,13070700306
363,Kohima,L.Khel,GMS Kruoliezou,13070702304
364,Kohima,L.Khel,Tm GHSS,13070702305
365,Kohima,L.Khel,GHS New Market,13070700804
366,Kohima,L.Khel,GHS Bayavu,13070700204
367,Kohima,L.Khel,GHS Daklane,13070700702
368,Kohima,L.Khel,GMS Merulietsa,13070701803
369,Kohima,L.Khel,GMS Naga Bazar,13070700401
370,Kohima,L.Khel,GPS Lower Naga Bazar,13070700404
371,Kohima,L.Khel,GPS New Keziekie,13070700303
372,Kohima,L.Khel,GPS Sepfuzou,13070700207
373,Kohima,L.Khel,GMS Aradura Lerie Chazou,13070701607
374,Kohima,L.Khel,GMS New Minister Hill,13070701609
375,Kohima,L.Khel,GMS Cwsn Lerie,13070701611
376,Kohima,L.Khel,GHS PWD,13070701101
377,Kohima,L.Khel,GHS Midland Kohima,13070700902
378,Kohima,L.Khel,GMS Potterlane,13070701403
379,Kohima,L.Khel,Dr. Neilhouzhu Kire GHSS,13070702002
380,Kohima,L.Khel,GMS D Khel,13070702001
381,Kohima,L.Khel,GMS Keyake,13070702107
382,Kohima,L.Khel,GMS P Khel,13070702101
383,Kohima,L.Khel,GMS T Khel,13070702201
384,Kohima,L.Khel,GPS D Block,13070700604
385,Kohima,L.Khel,GPS Garuzou,13070702110
386,Kohima,L.Khel,GPS Kitsubozou,13070700501
387,Kohima,L.Khel,GPS Ruziezou,13070702003
388,Kohima,Secu Zubza,GHS Tasazhu Jotsoma,13070800109
389,Kohima,Secu Zubza,GHSS Jotsoma,13070800104
390,Kohima,Secu Zubza,GPS Jotsoma Phezhu,13070800101
391,Kohima,Secu Zubza,GPS Jotsoma Upper,13070800102
392,Kohima,Secu Zubza,GHS Khonoma,13070800204
393,Kohima,Secu Zubza,GPS Chayagei,13070800207
394,Kohima,Secu Zubza,GPS Dzukhwekie,13070800202
395,Kohima,Secu Zubza,GPS Dzuleke,13070800301
396,Kohima,Secu Zubza,GHS Kiruphema,13070800802
397,Kohima,Secu Zubza,GPS Lielhokhuzou,13070800803
398,Kohima,Secu Zubza,GPS Peducha,13070800801
399,Kohima,Secu Zubza,GPS Kiruphema Basa,13070800701
400,Kohima,Secu Zubza,GMS Mengujuma,13070800901
401,Kohima,Secu Zubza,GMS Thekrejuma,13070801101
402,Kohima,Secu Zubza,GHS Mezoma,13070800403
403,Kohima,Secu Zubza,GPS Mezo Basa,13070801301
404,Kohima,Secu Zubza,GPS Mezo Kuotsu,13070800401
405,Kohima,Secu Zubza,GHSS Sechu Zubza,13070800602
406,Kohima,Secu Zubza,GPS Sechu Zubza Upper,13070800604
407,Kohima,Secu Zubza,GPS Tsuru Zubza,13070800605
408,Kohima,Secu Zubza,GPS Sechuma,13070800501
409,Kohima,Secu Zubza,GMS Orphanage Seithogei,13070801001
410,Kohima,Secu Zubza,GPS Lerumedi,13070801401
411,Kohima,Viswema,GHS Jakhama,13070200303
412,Kohima,Viswema,GMS Jakhama,13070200301
413,Kohima,Viswema,GPS Zhodi,13070200309
414,Kohima,Viswema,GHS Kezocha,13070200902
415,Kohima,Viswema,GMS Kezoma,13070200904
416,Kohima,Viswema,GMS Kidima,13070201204
417,Kohima,Viswema,GPS Kidima B,13070201202
418,Kohima,Viswema,GHS Khuzama,13070200103
419,Kohima,Viswema,GPS Khuzama,13070200101
420,Kohima,Viswema,GHSS Kigwema,13070200404
421,Kohima,Viswema,GMS Kigwema,13070200401
422,Kohima,Viswema,GPS Kigwema C,13070200403
423,Kohima,Viswema,GPS Kipfuzha,13070200407
424,Kohima,Viswema,GMS Mima,13070200701
425,Kohima,Viswema,GMS Mitelephe,13070200601
426,Kohima,Viswema,GMS Pfuchama,13070200501
427,Kohima,Viswema,GMS Phesama,13070200801
428,Kohima,Viswema,GPS Tekhuba New Reserve,13070200805
429,Kohima,Viswema,GHS Sakhabama,13070201301
430,Kohima,Viswema,GMS Kezo Town,13070201101
431,Kohima,Viswema,GPS Kezo Basa,13070201001
432,Kohima,Viswema,GHSS Viswema,13070200206
433,Kohima,Viswema,GMS K Khel Viswema,13070200202
434,Kohima,Viswema,GPS R.Khel Viswema,13070200205
435,Longleng,Longleng,GHS Bhumnyu,13090600406
436,Longleng,Longleng,GPS Bhumnyu A,13090600404
437,Longleng,Longleng,GPS Bhumnyu B,13090600405
438,Longleng,Longleng,GPS Dungkhao,13090603201
439,Longleng,Longleng,GHS Namching,13090600604
440,Longleng,Longleng,GMS Hukphang A,13090600306
441,Longleng,Longleng,GPS Hukphan B,13090600302
442,Longleng,Longleng,GPS Hukphang C,13090600304
443,Longleng,Longleng,GPS Lingtak,13090600305
444,Longleng,Longleng,GPS Namching,13090600601
445,Longleng,Longleng,Bautung Higher Secondary School,13090600121
446,Longleng,Longleng,GHS Nyengching,13090600107
447,Longleng,Longleng,GMS Block,13090600129
448,Longleng,Longleng,GMS Leinak,13090600125
449,Longleng,Longleng,GMS Pupei,13090602001
450,Longleng,Longleng,GMS Shayung,13090600101
451,Longleng,Longleng,GMS Station,13090600128
452,Longleng,Longleng,GPS Noklangkong,13090600126
453,Longleng,Longleng,GPS Nyengching,13090600106
454,Longleng,Longleng,GPS Oushok,13090600102
455,Longleng,Longleng,GPS Shauli,13090600123
456,Longleng,Longleng,GPS Tongpen,13090600127
457,Longleng,Longleng,GMS Orangkong A,13090601204
458,Longleng,Longleng,GPS Orangkong B,13090601202
459,Longleng,Longleng,GPS Orangkong C,13090600122
460,Longleng,Longleng,GMS Mongtikang,13090601502
461,Longleng,Longleng,GMS Pongching B,13090601701
462,Longleng,Longleng,GPS Pongching A,13090601601
463,Longleng,Longleng,GHS Pongo,13090600507
464,Longleng,Longleng,GPS Hongnyu,13090600506
465,Longleng,Longleng,GPS Pongo A,13090600501
466,Longleng,Longleng,GPS Pongo B,13090600502
467,Longleng,Longleng,GHS Sakshi,13090600703
468,Longleng,Longleng,GPS Sakshi A,13090600701
469,Longleng,Longleng,GPS Sakshi B,13090600702
470,Longleng,Longleng,GPS Yimchong,13090600705
471,Longleng,Longleng,GHS Yachem,13090601003
472,Longleng,Longleng,GHS Yaongyimchen,13090601105
473,Longleng,Longleng,GPS Alayong,13090602201
474,Longleng,Longleng,GPS Noksosang,13090602301
475,Longleng,Longleng,GPS Yachem A,13090601001
476,Longleng,Longleng,GPS Yachem B,13090601002
477,Longleng,Longleng,GPS Yaongyimchen A,13090601101
478,Longleng,Longleng,GMS Auching A,13090600905
479,Longleng,Longleng,GMS Yangching,13090600802
480,Longleng,Longleng,GPS Auching B,13090600902
481,Longleng,Longleng,GHS Yonghphang,13090601301
482,Longleng,Longleng,GPS Yongphang A,13090601303
483,Longleng,Longleng,GPS Yongphang B,13090601302
484,Longleng,Tamlu,GMS Anaikhai Phom Khel,13090701501
485,Longleng,Tamlu,GPS Ladigarh,13090701401
486,Longleng,Tamlu,GPS Shamnyuching,13090701201
487,Longleng,Tamlu,GHS Buranamsang,13090701304
488,Longleng,Tamlu,GPS Buranamsang A,13090701301
489,Longleng,Tamlu,GPS Buranamsang B,13090701302
490,Longleng,Tamlu,GPS Buranamsang C,13090701303
491,Longleng,Tamlu,GPS Ngetchongching,13090701101
492,Longleng,Tamlu,GPS Yonglok,13090701803
493,Longleng,Tamlu,GPS Nyang B,13090700502
494,Longleng,Tamlu,GMS Nyang B,13090700503
495,Longleng,Tamlu,GMS Yongam,13090700405
496,Longleng,Tamlu,GPS  Mechong,13090700505
497,Longleng,Tamlu,GPS Namhaching,13090701903
498,Longleng,Tamlu,GMS Shetap,13090701003
499,Longleng,Tamlu,GHS K. Khel Tamlu,13090700901
500,Longleng,Tamlu,GHS Kangching,13090700706
501,Longleng,Tamlu,GHS Tamlu,13090700603
502,Longleng,Tamlu,GMS Tamlu Town,13090700608
503,Longleng,Tamlu,GMS Tamlu Village B,13090700903
504,Longleng,Tamlu,GPS Kangching A,13090700701
505,Longleng,Tamlu,GPS Kangching B,13090700702
506,Longleng,Tamlu,GPS Netnyu,13090702002
507,Longleng,Tamlu,GPS Tamlu Town A,13090700607
508,Longleng,Tamlu,GPS Tamlu Village A,13090700902
509,Longleng,Tamlu,GHS Yotan,13090700201
510,Longleng,Tamlu,GMS Tangha,13090700308
511,Longleng,Tamlu,GPS Tangha A,13090700301
512,Longleng,Tamlu,GPS Tangha C,13090700307
513,Longleng,Tamlu,GHS Yongnyah,13090700810
514,Longleng,Tamlu,GPS Shamsang D,13090700809
515,Longleng,Tamlu,GPS Yongnyah A,13090700801
516,Longleng,Tamlu,GPS Yongnyah C,13090700803
517,Longleng,Tamlu,GMS Yongshei,13090700108
518,Longleng,Tamlu,GPS Yongshei B,13090700102
519,Longleng,Tamlu,GPS Yongshei C,13090700104
520,Mokokchung,Changtongya,GMS Anaki Yimsen,13030401702
521,Mokokchung,Changtongya,GPS Anaki C,13030401801
522,Mokokchung,Changtongya,GPS Luyim Lenden,13030402001
523,Mokokchung,Changtongya,GHS Asangma,13030400403
524,Mokokchung,Changtongya,GPS Ongjina,13030400402
525,Mokokchung,Changtongya,GMS Kelingmen,13030400305
526,Mokokchung,Changtongya,GHS R C Chiten Jamir Memorial,13030400506
527,Mokokchung,Changtongya,GMS Changtongya A,13030400513
528,Mokokchung,Changtongya,GPS Changtongya B,13030400504
529,Mokokchung,Changtongya,GPS Electrical,13030400505
530,Mokokchung,Changtongya,GPS Windy Ward,13030400514
531,Mokokchung,Changtongya,GHS Changtongya B,13030400606
532,Mokokchung,Changtongya,GPS Changtongya Yimsen,13030400701
533,Mokokchung,Changtongya,GPS Longzung,13030400603
534,Mokokchung,Changtongya,GPS Ongpang,13030400602
535,Mokokchung,Changtongya,GHS Kangtsung,13030401403
536,Mokokchung,Changtongya,GPS Kangtsung,13030401402
537,Mokokchung,Changtongya,GPS Wamaken,13030401501
538,Mokokchung,Changtongya,GHS Longrimendang Ao,13030401308
539,Mokokchung,Changtongya,GPS Tzudikong B,13030401307
540,Mokokchung,Changtongya,GHS Merachiba Memorial Merangkong,13030401104
541,Mokokchung,Changtongya,GMS Mopongsen Merangkong,13030401107
542,Mokokchung,Changtongya,GPS Awatsung Merangkong,13030401002
543,Mokokchung,Changtongya,GPS Gate Merangkong,13030401001
544,Mokokchung,Changtongya,GPS Pongentenem Merangkong,13030401101
545,Mokokchung,Changtongya,GHSS Tuli,13030401206
546,Mokokchung,Changtongya,GMS Tuli A,13030401212
547,Mokokchung,Changtongya,GMS Tuli C,13030401213
548,Mokokchung,Changtongya,GPS Aopenzu,13030401901
549,Mokokchung,Changtongya,GPS Longli Lenden,13030401205
550,Mokokchung,Changtongya,GPS Tuli B,13030401202
551,Mokokchung,Changtongya,GPS Tuli F,13030401211
552,Mokokchung,Changtongya,GHS Unger,13030400104
553,Mokokchung,Changtongya,GMS Akhoya,13030400206
554,Mokokchung,Changtongya,GPS Longchara,13030400515
555,Mokokchung,Changtongya,GPS Tzumokong,13030400501
556,Mokokchung,Changtongya,GHS Yaongyimsen,13030400902
557,Mokokchung,Changtongya,GPS Alimang Yoangyimsen,13030400802
558,Mokokchung,Changtongya,GPS Liroyimti,13030402101
559,Mokokchung,Khensa,GMS Aliba,13030200701
560,Mokokchung,Khensa,GPS Kinunger,13030200801
561,Mokokchung,Khensa,GPS Longjongkong,13030200401
562,Mokokchung,Khensa,GMS Khensa,13030201105
563,Mokokchung,Khensa,GPS Amenyong,13030201103
564,Mokokchung,Khensa,GPS Kongrokong,13030201102
565,Mokokchung,Khensa,GPS Mekuli,13030200501
566,Mokokchung,Khensa,GHS Longkhum,13030200105
567,Mokokchung,Khensa,GMS Alichen,13030201004
568,Mokokchung,Khensa,GPS Longmariju,13030200102
569,Mokokchung,Khensa,GPS Pongensalang,13030200103
570,Mokokchung,Khensa,GHS Mangmetong,13030200907
571,Mokokchung,Khensa,GPS Mangalepden,13030200901
572,Mokokchung,Khensa,GPS Sungkum,13030200903
573,Mokokchung,Khensa,GHSS N. I. Jamir,13030200603
574,Mokokchung,Khensa,GMS Yimyu,13030200602
575,Mokokchung,Khensa,GMS Sabangya Compound,13030200302
576,Mokokchung,Khensa,GPS Chungtai B,13030200202
577,Mokokchung,Khensa,GPS Chungtai C,13030200203
578,Mokokchung,Kubolong,GMS Longzung,13030301106
579,Mokokchung,Kubolong,GMS Salulamang,13030301002
580,Mokokchung,Kubolong,GPS Chuchuyimlang Town,13030301201
581,Mokokchung,Kubolong,GPS Impang,13030301103
582,Mokokchung,Kubolong,GPS Mongda,13030301102
583,Mokokchung,Kubolong,Langpangkong Tsukong GHS Chuchuyimlang,13030301203
584,Mokokchung,Kubolong,GHS Longjang,13030300605
585,Mokokchung,Kubolong,GMS Longpa,13030300102
586,Mokokchung,Kubolong,GPS Imrongriju,13030300603
587,Mokokchung,Kubolong,GPS Khanimu,13030301801
588,Mokokchung,Kubolong,GPS Longjang Compound,13030300608
589,Mokokchung,Kubolong,GHS Yimsemyong,13030301403
590,Mokokchung,Kubolong,GPS Imrongtema,13030301302
591,Mokokchung,Kubolong,GPS Shitilong,13030301303
592,Mokokchung,Kubolong,Subong GHS Mongsenyimti,13030301306
593,Mokokchung,Kubolong,GHS Kubolong,13030300202
594,Mokokchung,Kubolong,GPS Chami,13030300501
595,Mokokchung,Kubolong,GPS Mangkolong,13030300404
596,Mokokchung,Kubolong,GPS Mopungchuket B,13030300402
597,Mokokchung,Kubolong,Yajen Aier GHS Mopungchuket,13030300403
598,Mokokchung,Kubolong,GHS Phangsang,13030300702
599,Mokokchung,Kubolong,GMS Longkong,13030301502
600,Mokokchung,Kubolong,GMS Salukong Chakpa,13030301603
601,Mokokchung,Kubolong,GMS Yaongyimti New,13030300902
602,Mokokchung,Kubolong,GPS Chakpa A,13030301604
603,Mokokchung,Kubolong,GPS Yaongyimti Old,13030300801
604,Mokokchung,Kubolong,GHS Sungratsu,13030300304
605,Mokokchung,Kubolong,GPS Alongmen,13030300301
606,Mokokchung,Kubolong,GPS Yimchalu,13030301701
607,Mokokchung,Mangkolemba,GHS Alongkima,13030500702
608,Mokokchung,Mangkolemba,GMS Waromung Compound,13030500804
609,Mokokchung,Mangkolemba,GMS Yimjenkimong,13030500902
610,Mokokchung,Mangkolemba,GPS Yimrongmen,13030500801
611,Mokokchung,Mangkolemba,GPS Yimsenkiong,13030500802
612,Mokokchung,Mangkolemba,GHS Alongtaki,13030503402
613,Mokokchung,Mangkolemba,GPS Japu,13030501501
614,Mokokchung,Mangkolemba,GPS Longjemdang,13030501401
615,Mokokchung,Mangkolemba,GHS Changki,13030500105
616,Mokokchung,Mangkolemba,GPS Sangpangmen,13030500130
617,Mokokchung,Mangkolemba,GPS Aodang,13030500104
618,Mokokchung,Mangkolemba,GPS Tekongkulem,13030500103
619,Mokokchung,Mangkolemba,GHS Dibuia,13030500605
620,Mokokchung,Mangkolemba,GMS Mongchen,13030500502
621,Mokokchung,Mangkolemba,GPS Dibuia,13030500603
622,Mokokchung,Mangkolemba,GHS Atu Mepu Khar,13030500405
623,Mokokchung,Mangkolemba,GMS Chungliyimsen,13030500302
624,Mokokchung,Mangkolemba,GPS Imrongmen,13030500401
625,Mokokchung,Mangkolemba,GPS Tongpangriju,13030500404
626,Mokokchung,Mangkolemba,GHS Longchem,13030503702
627,Mokokchung,Mangkolemba,GHS Noklangsangba,13030504002
628,Mokokchung,Mangkolemba,GMS Aonokpu,13030503603
629,Mokokchung,Mangkolemba,GPS Longchem,13030503701
630,Mokokchung,Mangkolemba,GHSS Mangkolemba II,13030503206
631,Mokokchung,Mangkolemba,GMS Mangkolemba II,13030503212
632,Mokokchung,Mangkolemba,GPS Imsenchang,13030503202
633,Mokokchung,Mangkolemba,GPS Mangkolemba III,13030503204
634,Mokokchung,Mangkolemba,GPS Mangkolemba IV,13030503205
635,Mokokchung,Mangkolemba,GHS Mulongkimong,13030501003
636,Mokokchung,Mangkolemba,GPS Aonglenden,13030501001
637,Mokokchung,Mangkolemba,GPS Pongentenem,13030501002
638,Mokokchung,Mangkolemba,GHS Mulongyimsen,13030501103
639,Mokokchung,Mangkolemba,GMS Mary Mead Luyong,13030501110
640,Mokokchung,Mangkolemba,GPS Lidang,13030501102
641,Mokokchung,Mangkolemba,GPS Rongpang,13030501101
642,Mokokchung,Mangkolemba,GMS Changdang,13030503502
643,Mokokchung,Mangkolemba,GMS Nokpu,13030503803
644,Mokokchung,Mangkolemba,GPS Lakhuni,13030503301
645,Mokokchung,Mokokchung Village,GHS Dilong,13030101401
646,Mokokchung,Mokokchung Village,GMS Alempang,13030102303
647,Mokokchung,Mokokchung Village,GMS Salangtem,13030101804
648,Mokokchung,Mokokchung Village,GMS Tongdentsuyong,13030102403
649,Mokokchung,Mokokchung Village,GPS Kichutip,13030102201
650,Mokokchung,Mokokchung Village,GHS Imzuluba Longsa,13030100706
651,Mokokchung,Mokokchung Village,GMS Imnatsungda,13030100709
652,Mokokchung,Mokokchung Village,GPS Chubayimkum,13030100901
653,Mokokchung,Mokokchung Village,GPS Longmenden,13030100702
654,Mokokchung,Mokokchung Village,GHS Longmisa,13030100505
655,Mokokchung,Mokokchung Village,GPS Jangjang,13030100504
656,Mokokchung,Mokokchung Village,GPS Longmisa Old,13030100503
657,Mokokchung,Mokokchung Village,GPS Meyilong,13030100801
658,Mokokchung,Mokokchung Village,GPS Moalenden,13030101201
659,Mokokchung,Mokokchung Village,GMS Kumlong,13030102703
660,Mokokchung,Mokokchung Village,GMS Mokokchung Town,13030102602
661,Mokokchung,Mokokchung Village,GMS Pongentola,13030101601
662,Mokokchung,Mokokchung Village,GMS Senkalemba,13030102606
663,Mokokchung,Mokokchung Village,GPS Mongsenbai,13030104501
664,Mokokchung,Mokokchung Village,Mayangnokcha GHSS,13030102701
665,Mokokchung,Mokokchung Village,GHS Chuchuyimpang,13030100603
666,Mokokchung,Mokokchung Village,GHS Mokokchung Villlage,13030100205
667,Mokokchung,Mokokchung Village,GMS Alisungkum,13030101502
668,Mokokchung,Mokokchung Village,GMS Sungkomen,13030102502
669,Mokokchung,Mokokchung Village,GPS Alidongdong,13030100601
670,Mokokchung,Mokokchung Village,GPS Arjuma,13030100201
671,Mokokchung,Mokokchung Village,GPS New Police Reserve,13030100606
672,Mokokchung,Mokokchung Village,GPS Yimtsungda,13030100202
673,Mokokchung,Mokokchung Village,GHS Sumi,13030101906
674,Mokokchung,Mokokchung Village,GMS Ab Sector,13030102803
675,Mokokchung,Mokokchung Village,GMS Artang,13030101706
676,Mokokchung,Mokokchung Village,GPS Lijaba Lijen,13030104601
677,Mokokchung,Mokokchung Village,GPS Medical,13030101901
678,Mokokchung,Mokokchung Village,GMS Imrong,13030100408
679,Mokokchung,Mokokchung Village,GMS Kubza,13030101102
680,Mokokchung,Mokokchung Village,GMS Marepkong,13030102004
681,Mokokchung,Mokokchung Village,GMS Settsu,13030100302
682,Mokokchung,Mokokchung Village,GPS Liden,13030100409
683,Mokokchung,Mokokchung Village,GPS Mangkusong,13030100401
684,Mokokchung,Mokokchung Village,GPS Ungma Old,13030100402
685,Mokokchung,Mokokchung Village,Senayangba GHSS,13030100405
686,Mokokchung,Watiyim,GPS Aokum,13030601601
687,Mokokchung,Watiyim,GPS Aosenden,13030601701
688,Mokokchung,Watiyim,GPS Aosungkum,13030601801
689,Mokokchung,Watiyim,GPS Vikuto,13034100003
690,Mokokchung,Watiyim,GMS Chungtiayimsen,13030601102
691,Mokokchung,Watiyim,GMS Moayimti,13030601502
692,Mokokchung,Watiyim,GPS Medemyim,13030601201
693,Mokokchung,Watiyim,GPS Longtho,13030602701
694,Mokokchung,Watiyim,GMS Merayim,13030602503
695,Mokokchung,Watiyim,GPS Nec Farm,13030602901
696,Mokokchung,Watiyim,GPS Nokon,13030602801
697,Mokokchung,Watiyim,GPS Satsukba,13030600301
698,Mokokchung,Watiyim,GHS Saring,13030601901
699,Mokokchung,Watiyim,GPS Aonokpu yimsen,13030602601
700,Mokokchung,Watiyim,GMS Tsuremmen,13030602002
701,Mokokchung,Watiyim,GPS Akumen,13030602101
702,Mokokchung,Watiyim,GPS Puneboto,13030600901
703,Mokokchung,Watiyim,GPS Shihapumi,13030600401
704,Mokokchung,Watiyim,GPS Zuxushi,13030600601
705,Mokokchung,Watiyim,GHS Tsurangkong,13030600102
706,Mokokchung,Watiyim,GMS Longpayimsen,13030601006
707,Mokokchung,Watiyim,GPS Atuphumi,13030600201
708,Mokokchung,Watiyim,GPS Watiyim,13030600104
709,Mokokchung,Watiyim,GHS Yajang C,13030602403
710,Mokokchung,Watiyim,GMS Yajang A,13030602202
711,Mokokchung,Watiyim,GPS Yajang B,13030602301
712,Mon,Aboi,GHSS Aboi Town,13010402301
713,Mon,Aboi,GMS Aboi Town,13010402302
714,Mon,Aboi,GPS Aboi Town A,13010401101
715,Mon,Aboi,GPS Aboi Town B,13010401108
716,Mon,Aboi,GPS Aboi Town D,13010401110
717,Mon,Aboi,GMS Ngangching,13010401403
718,Mon,Aboi,GHS Angjangyang,13010402106
719,Mon,Aboi,GPS Angjangyang,13010402103
720,Mon,Aboi,GMS Angphang,13010401801
721,Mon,Aboi,GPS Angphang A,13010401802
722,Mon,Aboi,GPS Angphang B,13010401803
723,Mon,Aboi,GPS Aopao Changle,13010403401
724,Mon,Aboi,GPS Aopao,13010401501
725,Mon,Aboi,GPS Changlang,13010401703
726,Mon,Aboi,GPS Changlang B,13010401702
727,Mon,Aboi,GMS Chaoha Chingnyu,13010400801
728,Mon,Aboi,GPS Chaoha Chinglen,13010400901
729,Mon,Aboi,GPS Chaoha Chingnyu B,13010400803
730,Mon,Aboi,GPS Chaoha Tonko,13010400804
731,Mon,Aboi,GHS Chen,13010400102
732,Mon,Aboi,GPS Chen Town,13010400101
733,Mon,Aboi,GMS Choknyu,13010401002
734,Mon,Aboi,GHS Chenloisho,13010400301
735,Mon,Aboi,GPS Chenloisho A,13010400302
736,Mon,Aboi,GPS Chenloisho B,13010400303
737,Mon,Aboi,GPS Chenloisho C,13010400304
738,Mon,Aboi,GPS Chenloisho D Hozu,13010403001
739,Mon,Aboi,GPS Chenloisho Longkhao E,13010403101
740,Mon,Aboi,GMS Chenmoho,13010400401
741,Mon,Aboi,GPS Chenmoho Bohlo,13010400405
742,Mon,Aboi,GPS Chenmoho Hahkhi,13010403301
743,Mon,Aboi,GPS Chenmoho Motok,13010400402
744,Mon,Aboi,GPS Chen Wetnyu Koisho,13010403201
745,Mon,Aboi,GMS Chen Wetnyu A,13010400206
746,Mon,Aboi,GPS Chen Wetnyu A,13010400201
747,Mon,Aboi,GHS Chingnyu,13010400606
748,Mon,Aboi,GPS Chingnyu A,13010400602
749,Mon,Aboi,GPS Chingnyu B,13010400603
750,Mon,Aboi,GPS Chingpong,13010403601
751,Mon,Aboi,GPS Nyaho,13010400604
752,Mon,Aboi,GMS Chingkao Chingha,13010400703
753,Mon,Aboi,GPS Chingkao Chingha Watok,13010400702
754,Mon,Aboi,GMS Chinglong,13010401201
755,Mon,Aboi,GPS Chinglong B,13010401204
756,Mon,Aboi,GMS Jakphang,13010401901
757,Mon,Aboi,GPS Jakphang A,13010401902
758,Mon,Aboi,GPS Jakphang B,13010401903
759,Mon,Aboi,GMS Langmeing A,13010401301
760,Mon,Aboi,GPS Langmeing B,13010401303
761,Mon,Aboi,GHS Longching,13010402003
762,Mon,Aboi,GPS Longching A,13010402001
763,Mon,Aboi,GPS Longching B,13010402002
764,Mon,Aboi,GPS Longching Hq,13010402801
765,Mon,Aboi,GPS Mohung,13010402201
766,Mon,Aboi,GPS Mohung Changai,13010403501
767,Mon,Aboi,GMS Sowa,13010401605
768,Mon,Aboi,GPS Sowa Changle,13010402701
769,Mon,Aboi,GMS Wangti,13010400501
770,Mon,Aboi,GPS Langsai Wangti,13010402901
771,Mon,Aboi,GPS Wangti,13010400502
772,Mon,Mon,GMS Chi,13010701402
773,Mon,Mon,GMS Leangha,13010701303
774,Mon,Mon,GPS Guhching,13010701501
775,Mon,Mon,GMS Hongphoi,13010700601
776,Mon,Mon,GPS Hongphoi,13010700602
777,Mon,Mon,GMS Wangla,13010701202
778,Mon,Mon,GMS Leangnyu,13010701702
779,Mon,Mon,GPS Leangnyu Chingla,13010707401
780,Mon,Mon,GMS Longkei,13010700701
781,Mon,Mon,GMS Pongkong,13010700501
782,Mon,Mon,GMS Longwa,13010703801
783,Mon,Mon,GPS Longwa,13010703802
784,Mon,Mon,GPS Longwa Wasa,13010704501
785,Mon,Mon,GMS Longzang,13010703502
786,Mon,Mon,GPS Pukha,13010703401
787,Mon,Mon,GPS Wetting,13010703601
788,Mon,Mon,GHSS Mon,13010705823
789,Mon,Mon,GMS Mon Town A,13010705831
790,Mon,Mon,GPS Papong Mon Town,13010705804
791,Mon,Mon,GPS Mon Town B,13010705802
792,Mon,Mon,"GPS Shamnyu Ward, Mon Town",13010705837
793,Mon,Mon,"GPS Tompang Ward, Mon Town",13010705838
794,Mon,Mon,GHSS Mon Town C,13010705833
795,Mon,Mon,GPS Mon Town C,13010705803
796,Mon,Mon,GHSS Mon Town D,13010705834
797,Mon,Mon,GMS Mon Town D,13010705828
798,Mon,Mon,"GPS Jahjon Ward, Mon Town",13010705836
799,Mon,Mon,GHS Mon Village,13010700904
800,Mon,Mon,GPS Mon Village,13010700902
801,Mon,Mon,GHS Phomching,13010703101
802,Mon,Mon,GPS Phomching,13010703104
803,Mon,Mon,GMS Nyahnyu,13010703702
804,Mon,Mon,GMS Lampong Sheanghah,13010701603
805,Mon,Mon,GMS Phuktong,13010700401
806,Mon,Mon,GPS Tuimei,13010701802
807,Mon,Mon,GHS Shangnyu,13010701101
808,Mon,Mon,GPS Longphaoh,13010701901
809,Mon,Mon,GPS Shangnyu,13010701102
810,Mon,Mon,GMS Nyasa,13010703302
811,Mon,Mon,GPS Shangnyu Hq.,13010701104
812,Mon,Mon,GMS Sheanghah Chingnyu,13010704101
813,Mon,Mon,GMS Longshen,13010703202
814,Mon,Mon,GMS Sheanghah Wamsa,13010703904
815,Mon,Mon,GMS Sheanghah Tangten,13010704001
816,Mon,Mon,GMS Sheanghah Mokok,13010704202
817,Mon,Mon,GMS Yuching,13010702301
818,Mon,Mon,GMS Tangnyu,13010701001
819,Mon,Mon,GPS Tangnyu B,13010701003
820,Mon,Mon,GHS Totok Chingnyu,13010700104
821,Mon,Mon,GPS Totok Chingnyu A,13010700102
822,Mon,Mon,GPS Totok Chingnyu B,13010700103
823,Mon,Mon,GMS Totok Chingha,13010700302
824,Mon,Mon,GMS Totok Chingkho,13010700201
825,Mon,Tizit,GHS Jaboka,13010200204
826,Mon,Tizit,GPS Jaboka A,13010200203
827,Mon,Tizit,GPS Jaboka B,13010200202
828,Mon,Tizit,GPS Neitong,13010201401
829,Mon,Tizit,GPS Old Jaboka,13010202801
830,Mon,Tizit,GPS Yanpan,13010201501
831,Mon,Tizit,GMS Loakho,13010201202
832,Mon,Tizit,GPS Hunta Hq.,13010203601
833,Mon,Tizit,GHS Loakkun,13010200501
834,Mon,Tizit,GMS Nokzang,13010201304
835,Mon,Tizit,GPS Loakhun,13010200502
836,Mon,Tizit,GPS Tingalibam,13010201601
837,Mon,Tizit,GMS Oting,13010200602
838,Mon,Tizit,GPS Longlam,13010202301
839,Mon,Tizit,GMS Lapa,13010201902
840,Mon,Tizit,GMS Lapa Lampong,13010200802
841,Mon,Tizit,GHSS Tizit,13010200703
842,Mon,Tizit,GMS Tizit Town B,13010200715
843,Mon,Tizit,GPS Tizit Town A,13010200701
844,Mon,Tizit,GPS Olea Shangsa,13010203301
845,Mon,Tizit,GPS Phuktong Tingsa,13010203701
846,Mon,Tizit,GPS Nangtan,13010202401
847,Mon,Tizit,GMS Shangsa,13010200301
848,Mon,Tizit,GPS Tela,13010201701
849,Mon,Tizit,GHS Tizit Village,13010200407
850,Mon,Tizit,GPS Monlem Sector,13010200402
851,Mon,Tizit,GPS Tekang,13010203102
852,Mon,Tizit,GPS Tizit Village,13010200403
853,Mon,Tizit,GMS Zakho,13010201002
854,Mon,Tizit,GPS Ngangthing,13010200901
855,Mon,Tizit,GMS Yannyu,13010202101
856,Mon,Tizit,GPS Longting,13010201101
857,Mon,Tizit,GPS Yannyu,13010202102
858,Mon,Tizit,GMS Nokyan,13010202602
859,Mon,Tizit,GMS Zangkham,13010202001
860,Mon,Tizit,GPS Zangkham Tingsa,13010202901
861,Mon,Tobu,GHS Bumei,13010100802
862,Mon,Tobu,GMS Changlangshu C,13010100705
863,Mon,Tobu,GPS Bumei,13010100801
864,Mon,Tobu,GPS Changlangshu A,13010100701
865,Mon,Tobu,GPS Changlangshu B,13010100702
866,Mon,Tobu,GPS Changlangshu Changsa,13010102302
867,Mon,Tobu,GPS Mienchangle,13010101701
868,Mon,Tobu,GMS Monyakshu,13010100907
869,Mon,Tobu,GPS Monyakshu A,13010100901
870,Mon,Tobu,GPS Monyakshu B,13010100902
871,Mon,Tobu,GPS Monyakshu C,13010100904
872,Mon,Tobu,GPS Monyakshu D,13010100906
873,Mon,Tobu,GPS Monyakshu Hq,13010101801
874,Mon,Tobu,GHS Mopong,13010101501
875,Mon,Tobu,GMS Yakshu A,13010100203
876,Mon,Tobu,GPS Yakshu B,13010100202
877,Mon,Tobu,GPS Yakshu Changle,13010102701
878,Mon,Tobu,GMS Pessao,13010101601
879,Mon,Tobu,GPS Pessao B,13010101602
880,Mon,Tobu,GPS Pessao C,13010101603
881,Mon,Tobu,GPS Pessao Changlu,13010101901
882,Mon,Tobu,GMS Shamnyu A,13010101203
883,Mon,Tobu,GPS Shamnyu B,13010101202
884,Mon,Tobu,GPS Wangshu Changle,13010102201
885,Mon,Tobu,GMS Tamkong,13010101103
886,Mon,Tobu,GPS Tamkoang B,13010101105
887,Mon,Tobu,GPS Tobu Station,13010101401
888,Mon,Tobu,GHSS Tobu Town,13010101402
889,Mon,Tobu,GMS Tobu Village A,13010101307
890,Mon,Tobu,GPS Kapjangyeang,13010102801
891,Mon,Tobu,GPS Tobu Town B,13010101406
892,Mon,Tobu,GPS Tobu Village C,13010101305
893,Mon,Tobu,GMS Ukha A,13010100104
894,Mon,Tobu,GPS Ukha B,13010100102
895,Mon,Tobu,GPS Changkhong,13010102401
896,Mon,Tobu,GMS Kenchenshu,13010100301
897,Mon,Tobu,GMS Yonghong,13010100503
898,Mon,Tobu,GPS Changnyu,13010100401
899,Mon,Tobu,GPS Yei,13010100601
900,Mon,Tobu,GPS Yonghong A,13010100501
901,Mon,Tobu,GPS Yonghong B,13010100502
902,Mon,Tobu,GMS Yongkhao,13010101001
903,Mon,Tobu,GPS Yongkhao B,13010101002
904,Mon,Tobu,GPS Shinnyu,13010102001
905,Mon,Wakching,GMS Chingdang,13010800202
906,Mon,Wakching,GPS Chingdang,13010800201
907,Mon,Wakching,GMS Kongan,13010800704
908,Mon,Wakching,GPS Kongan A,13010800701
909,Mon,Wakching,GHSS Naginimora,13010800804
910,Mon,Wakching,GPS B Naginimora,13010800802
911,Mon,Wakching,GPS Borjan,13010801101
912,Mon,Wakching,GMS Naginimora,13010800811
913,Mon,Wakching,GPS A Naginimora,13010800801
914,Mon,Wakching,GPS Hotahoti,13010800901
915,Mon,Wakching,GPS Namthai,13010801001
916,Mon,Wakching,GPS Upper Namthai,13010801601
917,Mon,Wakching,GMS Upper Tiru,13010801201
918,Mon,Wakching,GPS Lower Tiru,13010801301
919,Mon,Wakching,GPS Wapnyu,13010801901
920,Mon,Wakching,GPS Wakching Town,13010800506
921,Mon,Wakching,GHS Wakching,13010800505
922,Mon,Wakching,GPS Wakching A,13010800501
923,Mon,Wakching,GPS Wakching Chingla,13010801501
924,Mon,Wakching,GMS Wakching,13010800510
925,Mon,Wakching,GMS Shiyong,13010800403
926,Mon,Wakching,GMS Tanhai,13010800101
927,Mon,Wakching,GPS Wanching B,13010800603
928,Mon,Wakching,GMS Wanching,13010800601
929,Mon,Wakching,GPS Yongmouh,13010801701
930,Mon,Wakching,GMS Chingphoi,13010800302
931,Niuland,Niuland,GHS Aghunaqa,13060407901
932,Niuland,Niuland,GMS Hukhai,13060400602
933,Niuland,Niuland,GMS Nikihe,13060410602
934,Niuland,Niuland,GMS Zhekishe,13060406802
935,Niuland,Niuland,GMS Zutoi,13060406003
936,Niuland,Niuland,GPS Izhevi,13060401201
937,Niuland,Niuland,GPS Khutovi,13060406201
938,Niuland,Niuland,GPS R Hovishe,13060405001
939,Niuland,Niuland,GPS Tokishe,13060402101
940,Niuland,Niuland,GPS Vikheto,13060404101
941,Niuland,Niuland,GMS S Hetoi,13060409202
942,Niuland,Niuland,GPS Khehoyi,13060407201
943,Niuland,Niuland,GPS Nihokhu,13060403401
944,Niuland,Niuland,GPS Toshiho,13060407101
945,Niuland,Niuland,GMS Khehuto,13060405702
946,Niuland,Niuland,GMS P. Husto,13060408702
947,Niuland,Niuland,GMS Yehokhu,13060408302
948,Niuland,Niuland,GPS Ahoto,13060402701
949,Niuland,Niuland,GPS Akito,13060410901
950,Niuland,Niuland,GPS Lukuto,13060400101
951,Niuland,Niuland,GPS Phuhoto,13060401001
952,Niuland,Niuland,GPS Zhexuche,13060404301
953,Niuland,Niuland,GMS Hevikhe,13060402003
954,Niuland,Niuland,GMS Kiyezu A,13060405202
955,Niuland,Niuland,GPS Ghoshito,13060408201
956,Niuland,Niuland,GPS Hozheto,13060410201
957,Niuland,Niuland,GPS Kikheyi,13060403201
958,Niuland,Niuland,GPS Kiyezu B,13060403701
959,Niuland,Niuland,GHS Nito,13060407603
960,Niuland,Niuland,GMS Ghokuto,13060409402
961,Niuland,Niuland,GMS Haqhizhe,13060408503
962,Niuland,Niuland,GMS Nikhekhu,13060402202
963,Niuland,Niuland,GPS Hozukhe,13060404201
964,Niuland,Niuland,GPS Sukhato,13060409501
965,Niuland,Niuland,GPS Yeveto,13060401401
966,Niuland,Niuland,GPS Anghjong,13060411001
967,Niuland,Niuland,GPS Ahozhe,13060410701
968,Niuland,Niuland,GPS K Hetoi,13060407301
969,Niuland,Niuland,GMS Nitozu,13060402902
970,Niuland,Niuland,GPS Aoyimchen,13060409701
971,Niuland,Niuland,GPS Hevuxu,13060410301
972,Niuland,Niuland,GPS L Vihoto,13060400901
973,Niuland,Niuland,GPS Luhezhe,13060409001
974,Niuland,Niuland,GPS Ngamjalam,13060410501
975,Niuland,Niuland,GPS Shiwoto,13060401101
976,Niuland,Niuland,GPS Shokhevi,13060409301
977,Niuland,Niuland,GHSS Niuland,13060408001
978,Niuland,Niuland,GMS Kuhoxu,13060400803
979,Niuland,Niuland,GMS Niuland Town,13060408404
980,Niuland,Niuland,GPS Ghotovi,13060403101
981,Niuland,Niuland,GPS Hovishe,13060402801
982,Niuland,Niuland,GPS Viyito,13060401301
983,Niuland,Niuland,GPS Kitohe,13060410401
984,Niuland,Niuland,GPS Nguvihe,13060211101
985,Niuland,Niuland,GMS Mughavi,13060409102
986,Niuland,Niuland,GMS Nikikhe,13060405402
987,Niuland,Niuland,GMS Pihekhu,13060405602
988,Niuland,Niuland,GMS Xukhuvi,13060404602
989,Niuland,Niuland,GPS Luhevi,13060403901
990,Niuland,Niuland,GPS P Vihoto,13060406101
991,Niuland,Niuland,GPS Qhuhoi,13060406501
992,Niuland,Niuland,GPS Tohoi,13060408101
993,Niuland,Niuland,GPS Yetoho,13060401701
994,Niuland,Niuland,GMS Homeland,13060407501
995,Niuland,Niuland,GMS Sunito,13060403502
996,Niuland,Niuland,GMS Tokugha,13060403302
997,Niuland,Niuland,GMS Vishiyi,13060401902
998,Niuland,Niuland,GMS Zaka,13060407701
999,Niuland,Niuland,GHS Zuheshe,13060407402
1000,Niuland,Niuland,GMS Hezulho,13060410002
1001,Niuland,Niuland,GPS Henito,13060401801
1002,Niuland,Niuland,GPS Hezheto,13060410801
1003,Niuland,Niuland,GPS Hovukhu,13060401601
1004,Noklak,Noklak,GHS Chipur,13020504403
1005,Noklak,Noklak,GPS Kingjung,13020503201
1006,Noklak,Noklak,GPS Pang,13020503001
1007,Noklak,Noklak,GPS Thongsungyu,13020502901
1008,Noklak,Noklak,GPS Wui,13020503101
1009,Noklak,Noklak,GMS Choklangan,13020501101
1010,Noklak,Noklak,GPS Aniashu,13020501001
1011,Noklak,Noklak,GPS Kingpao,13020503601
1012,Noklak,Noklak,GMS Nokhu Village,13020500201
1013,Noklak,Noklak,GPS Kingniu,13020501301
1014,Noklak,Noklak,GPS Langnok,13020500901
1015,Noklak,Noklak,GMS Nokyan A,13020500501
1016,Noklak,Noklak,GHS Noklak Village,13020500304
1017,Noklak,Noklak,GHSS Noklak Town,13020500402
1018,Noklak,Noklak,GHS Noklak Station,13020500410
1019,Noklak,Noklak,GPS Kusong,13020504001
1020,Noklak,Noklak,GPS Noklak Hq,13020500411
1021,Noklak,Noklak,GPS Noklak Village,13020500301
1022,Noklak,Noklak,GPS Nokyan B,13020504101
1023,Noklak,Noklak,GMS Pansha New,13020500702
1024,Noklak,Noklak,GPS Dan Itc,13020500103
1025,Noklak,Noklak,GPS Pangsha Old,13020500601
1026,Noklak,Noklak,GPS Wonthoi,13020500801
1027,Noklak,Noklak,GHS Panso Town,13020504304
1028,Noklak,Noklak,GMS Pathso Noking,13020503901
1029,Noklak,Noklak,GMS Tsuwao,13020501502
1030,Noklak,Noklak,GPS Ekhao,13020504201
1031,Noklak,Noklak,GMS Lengnyu,13020501401
1032,Noklak,Noklak,GPS Panso Town,13020504303
1033,Noklak,Noklak,GPS Pathso,13020503801
1034,Noklak,Noklak,GPS Yokao,13020501601
1035,Noklak,Noklak,GHS Peshu,13020502501
1036,Noklak,Noklak,GMS Sanglao,13020502401
1037,Noklak,Noklak,GPS New Peshu,13020502503
1038,Noklak,Noklak,GPS New Sanglao,13020504501
1039,Noklak,Noklak,GHS Thonoknyu,13020502704
1040,Noklak,Noklak,GPS Chilliso,13020502601
1041,Noklak,Noklak,GPS Thoktsur,13020502801
1042,Noklak,Noklak,GPS Thonoknyu A,13020503402
1043,Noklak,Noklak,GPS Thonoknyu B,13020503403
1044,Peren,Ahthibung,GHSS Athibung,13110700602
1045,Peren,Ahthibung,GMS Athibung,13110700601
1046,Peren,Ahthibung,GMS Inbung,13110700201
1047,Peren,Ahthibung,GPS Athibung Town,13110700605
1048,Peren,Ahthibung,GPS Beisumpuiram,13110703201
1049,Peren,Ahthibung,GPS Old Beisumpui,13110702601
1050,Peren,Ahthibung,GPS Old Chalkot,13110700701
1051,Peren,Ahthibung,GPS Songlhuh,13110701301
1052,Peren,Ahthibung,GHS Bongkolong,13110701202
1053,Peren,Ahthibung,GMS New Beisumpui,13110702202
1054,Peren,Ahthibung,GMS Peilhang,13110701001
1055,Peren,Ahthibung,GMS Ikiesingram,13110702501
1056,Peren,Ahthibung,GMS Khelma,13110700406
1057,Peren,Ahthibung,GMS New Nkio,13110701501
1058,Peren,Ahthibung,GPS New Ngaulong,13110702401
1059,Peren,Ahthibung,GPS New Soget,13110701801
1060,Peren,Ahthibung,GPS Nkio B,13110701601
1061,Peren,Ahthibung,GPS Nsenlo,13110702301
1062,Peren,Ahthibung,GPS Sailhem,13110701401
1063,Peren,Ahthibung,GHS Lilen,13110700303
1064,Peren,Ahthibung,GMS Vongkithem,13110700801
1065,Peren,Ahthibung,GPS Phaijol,13110700101
1066,Peren,Ahthibung,GMS New Chalkot,13110701101
1067,Peren,Ahthibung,GMS Phanjang,13110700501
1068,Peren,Ahthibung,GMS Saijang,13110700901
1069,Peren,Ahthibung,GPS Lilen B,13110703401
1070,Peren,Ahthibung,GPS Saijang Irb,13110703301
1071,Peren,Ahthibung,GMS Old Soget,13110701901
1072,Peren,Ahthibung,GPS Beisamlwa,13110703601
1073,Peren,Ahthibung,GPS Beisumpuilwa,13110703101
1074,Peren,Ahthibung,GPS Beisumpuizangdi,13110703001
1075,Peren,Ahthibung,GPS Songngou,13110702101
1076,Peren,Ahthibung,GPS Sinjol A Lower,13110701701
1077,Peren,Peren,GHS Beisumpuikam,13110507602
1078,Peren,Peren,GMS Jalukie Zandi,13110502101
1079,Peren,Peren,GPS Jalukiekam,13110506601
1080,Peren,Peren,GHS Mhaikam,13110502002
1081,Peren,Peren,GPS Jalukie Ram,13110507901
1082,Peren,Peren,GPS Libemphai,13110508601
1083,Peren,Peren,GMS Benreu,13110505101
1084,Peren,Peren,GPS Benreu,13110505102
1085,Peren,Peren,GPS Pedi,13110505501
1086,Peren,Peren,GMS Ndunglwa,13110503701
1087,Peren,Peren,GHS Dc Colony Peren Town,13110504403
1088,Peren,Peren,GMS Keletzai,13110504407
1089,Peren,Peren,GPS Peletkie,13110505201
1090,Peren,Peren,GPS Old Jalukie,13110508001
1091,Peren,Peren,GHS Dungki,13110504801
1092,Peren,Peren,GPS Dungki,13110504804
1093,Peren,Peren,GPS Deukwaram,13110505801
1094,Peren,Peren,GPS Lamhai,13110502301
1095,Peren,Peren,GMS Gaili,13110504301
1096,Peren,Peren,GPS Gaili,13110504302
1097,Peren,Peren,GPS Lower Gaili,13110508501
1098,Peren,Peren,GPS Kiyevi,13110503501
1099,Peren,Peren,GHS Heningkunglwa,13110507304
1100,Peren,Peren,GMS Heningkunglwa C,13110507303
1101,Peren,Peren,GPS Heningkunglwa A,13110507301
1102,Peren,Peren,GPS Heningkunglwa B,13110507302
1103,Peren,Peren,GMS Nkwareu,13110500201
1104,Peren,Peren,GMS Sector A Jalukie,13110500302
1105,Peren,Peren,GPS New Jalukie,13110505901
1106,Peren,Peren,GHS Jalukie B,13110507005
1107,Peren,Peren,GMS Old Jalukie Lower,13110506901
1108,Peren,Peren,GMS Kejanglwa,13110504101
1109,Peren,Peren,GPS New Peren,13110505701
1110,Peren,Peren,GPS Jalukie Town Sector C,13110500311
1111,Peren,Peren,GHS Mhainamtsi,13110501403
1112,Peren,Peren,GHSS Jalukie Town,13110500301
1113,Peren,Peren,GMS Samzuiram A,13110501701
1114,Peren,Peren,GMS Samzuiram C,13110501703
1115,Peren,Peren,GPS Samzuiram B,13110501702
1116,Peren,Peren,GPS Jalukie B Block A,13110507006
1117,Peren,Peren,GMS Jalukie Sector B,13110500303
1118,Peren,Peren,GMS Jalukielo,13110507801
1119,Peren,Peren,GPS Jalukie Sangtam,13110508401
1120,Peren,Peren,GPS Old Jalukie Upper,13110506801
1121,Peren,Peren,GHS Ngwalwa,13110503101
1122,Peren,Peren,GPS Ngwalwa,13110503104
1123,Peren,Peren,GPS Ngwalwa Forest Gate,13110503102
1124,Peren,Peren,GPS Ngwalwa Town,13110503105
1125,Peren,Peren,GPS Peren Kipeuzang,13110503401
1126,Peren,Peren,GPS Peren Village,13110503801
1127,Peren,Peren,GHSS Peren Town,13110504401
1128,Peren,Peren,GMS Peren Town,13110504402
1129,Peren,Peren,GPS Bana Colony,13110504406
1130,Peren,Peren,GMS Piolwa,13110504902
1131,Peren,Peren,GPS Poilwa Namchi,13110505002
1132,Peren,Peren,GPS Poilwa Old,13110504901
1133,Peren,Peren,GPS Helagim,13110508101
1134,Peren,Peren,GPS Heunambe,13110508201
1135,Peren,Peren,GMS New Puilwa,13110505401
1136,Peren,Peren,GPS Puilwa,13110505301
1137,Peren,Peren,GMS Mpai New,13110507702
1138,Peren,Peren,GPS Mpai,13110505601
1139,Peren,Peren,GPS Punglwa B,13110503301
1140,Peren,Peren,GMS Punglwa,13110502502
1141,Peren,Tening,GHS Azailong,13110600502
1142,Peren,Tening,GPS Nchangram,13110600701
1143,Peren,Tening,GPS Nkialwa,13110600301
1144,Peren,Tening,GPS Mbaupungwa,13110600601
1145,Peren,Tening,GPS Heiranglwa,13110600401
1146,Peren,Tening,GHS Mbaulwa,13110600202
1147,Peren,Tening,GMS Old Tesen,13110600101
1148,Peren,Tening,GPS New Tesen,13110602901
1149,Peren,Tening,GPS Mbaupungchi,13110603301
1150,Peren,Tening,GPS Nkio Old,13110602401
1151,Peren,Tening,GPS Sinjol Upper,13110603201
1152,Peren,Tening,GPS Lalong,13110602801
1153,Peren,Tening,GPS Ngam,13110602601
1154,Peren,Tening,GPS Nzauna,13110602302
1155,Peren,Tening,GPS Bamsiakilwa,13110602701
1156,Peren,Tening,GPS Ngaulong Luadi,13110603401
1157,Peren,Tening,GPS Ngaulong,13110601901
1158,Peren,Tening,GHS Nsong,13110601606
1159,Peren,Tening,GPS Nchan,13110601701
1160,Peren,Tening,GPS Nsong Village,13110601501
1161,Peren,Tening,GMS Ntu,13110601302
1162,Peren,Tening,GPS Nzau Village,13110601101
1163,Peren,Tening,GPS Nzau Namsan,13110602501
1164,Peren,Tening,GPS Tepun,13110601201
1165,Peren,Tening,GHSS Tening Town,13110600802
1166,Peren,Tening,GPS Christian Village Tening,13110600902
1167,Peren,Tening,GPS Tening Village,13110600901
1168,Phek,Chozuba,GHS Chesezu,13080401701
1169,Phek,Chozuba,GPS Chesezu Basa,13080401703
1170,Phek,Chozuba,GPS Chesezu Bawe,13080401702
1171,Phek,Chozuba,GHS Cheteba,13080402101
1172,Phek,Chozuba,GPS Cheteba,13080402102
1173,Phek,Chozuba,GMS Thenyizu,13080400903
1174,Phek,Chozuba,GHSS Chozuba Town,13080401301
1175,Phek,Chozuba,GMS Chozuba Town A,13080401302
1176,Phek,Chozuba,GPS Chozuba Town B Rikhuba,13080401303
1177,Phek,Chozuba,GHS Dzhulhami,13080401801
1178,Phek,Chozuba,GPS Dzhulha B,13080401805
1179,Phek,Chozuba,GHS Japan Riba,13080401601
1180,Phek,Chozuba,GMS Runguzu Nasa,13080401402
1181,Phek,Chozuba,GPS Chozuba Village A,13080401602
1182,Phek,Chozuba,GPS Chozuba Village B,13080401603
1183,Phek,Chozuba,GPS Runguzu New,13080401401
1184,Phek,Chozuba,GHS Khulazu Basa,13080402001
1185,Phek,Chozuba,GMS Khulazu Bawe,13080401901
1186,Phek,Chozuba,GPS Khulazu Basa A,13080402003
1187,Phek,Chozuba,GPS Khulazu Basa B,13080402005
1188,Phek,Chozuba,GPS Khulazu Bawe,13080401903
1189,Phek,Chozuba,GPS Phuyoba,13080402303
1190,Phek,Chozuba,GPS Chozu Nasa,13080401606
1191,Phek,Chozuba,GPS Khusomi,13080400401
1192,Phek,Chozuba,GPS Runguzu Old,13080400202
1193,Phek,Chozuba,GMS Runguzu Old,13080400201
1194,Phek,Chozuba,GMS Ruzazho,13080401001
1195,Phek,Chozuba,GPS Ruzazho,13080401002
1196,Phek,Chozuba,GPS Ruzazho New,13080401005
1197,Phek,Chozuba,GMS Sekruzu,13080400601
1198,Phek,Chozuba,GPS Khutsami,13080400501
1199,Phek,Chozuba,GPS Thurutsuswu,13080400101
1200,Phek,Chozuba,GHS Phugi,13080401502
1201,Phek,Chozuba,GMS Suthozu Nawe,13080400701
1202,Phek,Chozuba,GPS Suthozu Nasa,13080400301
1203,Phek,Chozuba,GPS Suthozu Nawe,13080400704
1204,Phek,Chozuba,GHS Thipuzu,13080401205
1205,Phek,Chozuba,GPS Rihuba,13080401206
1206,Phek,Chozuba,GPS Thipuzu A,13080401202
1207,Phek,Chozuba,GHS Thuvopisu,13080400801
1208,Phek,Chozuba,GPS Thuvopisu A,13080400802
1209,Phek,Chozuba,GPS Velhuba Thuvopisu,13080400805
1210,Phek,Chozuba,GHS Yoruba,13080401102
1211,Phek,Chozuba,GMS Yoruba A,13080401101
1212,Phek,Chozuba,GPS Vutabazu Yoruba,13080401106
1213,Phek,Meluri,GHS Akhewgwo,13080302302
1214,Phek,Meluri,GMS Kukegwo,13080302502
1215,Phek,Meluri,GPS Akhegwo,13080302301
1216,Phek,Meluri,GPS Akhegwo M. Khel,13080302306
1217,Phek,Meluri,GPS N Akhegwo,13080302303
1218,Phek,Meluri,GHS Kamaleah,13080301802
1219,Phek,Meluri,GMS Mathikru,13080300602
1220,Phek,Meluri,GHS Kanjang,13080300102
1221,Phek,Meluri,GMS Reguri,13080302403
1222,Phek,Meluri,GPS Akhen,13080302801
1223,Phek,Meluri,GHSS Meluri Town,13080302102
1224,Phek,Meluri,GMS Meluri Town,13080302107
1225,Phek,Meluri,GMS Meluri Village,13080300502
1226,Phek,Meluri,GPS Industry Colony Meluri Town,13080302106
1227,Phek,Meluri,GPS Meluri Town,13080302101
1228,Phek,Meluri,GPS Meluri Village,13080300501
1229,Phek,Meluri,GMS Molen,13080302702
1230,Phek,Meluri,GMS Weziho,13080301502
1231,Phek,Meluri,GHS Phokungri,13080301002
1232,Phek,Meluri,GPS Avangkhu,13080302601
1233,Phek,Meluri,GPS Phokhungri,13080301001
1234,Phek,Meluri,GHS Pholary,13080301403
1235,Phek,Meluri,GMS New Phor,13080300802
1236,Phek,Meluri,GPS Lower Phor,13080302201
1237,Phek,Meluri,GHS Phoyisha Yesi,13080302902
1238,Phek,Meluri,GPS Hutsu,13080302901
1239,Phek,Meluri,GPS Kuzatu,13080300301
1240,Phek,Meluri,GPS Yesi,13080300902
1241,Phek,Meluri,GMS Shatuza,13080301202
1242,Phek,Meluri,GHS Sutsu,13080301701
1243,Phek,Meluri,GPS Laruri,13080300401
1244,Phek,Meluri,GPS Sutsu,13080301702
1245,Phek,Meluri,GMS New Thewati,13080300702
1246,Phek,Meluri,GPS Old Thewati,13080301901
1247,Phek,Meluri,GMS Zhipu,13080301602
1248,Phek,Meluri,GPS Moke,13080302001
1249,Phek,Meluri,GPS Washelo,13080301301
1250,Phek,Pfutsero,GHS Mesulumi,13080200202
1251,Phek,Pfutsero,GPS Mesulumi,13080200201
1252,Phek,Pfutsero,GMS Enhulumi,13080200701
1253,Phek,Pfutsero,GMS Old Town Chizami,13080200607
1254,Phek,Pfutsero,Goyiepra Memorial GHS Chizami,13080200604
1255,Phek,Pfutsero,GPS Chizami New Town,13080202704
1256,Phek,Pfutsero,GPS Chizami Village,13080200601
1257,Phek,Pfutsero,GPS Sumi Village,13080200901
1258,Phek,Pfutsero,GHS Khezhakeno,13080200301
1259,Phek,Pfutsero,GPS Khezhakeno,13080200302
1260,Phek,Pfutsero,GPS Komuno,13080200303
1261,Phek,Pfutsero,GHS Kikruma,13080201104
1262,Phek,Pfutsero,GPS Rd Block Kikruma,13080201103
1263,Phek,Pfutsero,GPS Kami,13080202201
1264,Phek,Pfutsero,GPS Lekromi,13080201501
1265,Phek,Pfutsero,GHSS Pfutsero Town,13080201605
1266,Phek,Pfutsero,GMS Pfutseromi,13080200102
1267,Phek,Pfutsero,GHS Rukizu,13080201603
1268,Phek,Pfutsero,GPS Horti Farm Pfutsero,13080201604
1269,Phek,Pfutsero,GPS Kikru Nara,13080201602
1270,Phek,Pfutsero,GHS Pholami,13080200403
1271,Phek,Pfutsero,GPS Phola Basa,13080200401
1272,Phek,Pfutsero,GPS Phola Bawe,13080200402
1273,Phek,Pfutsero,GHS Phusachodu,13080201406
1274,Phek,Pfutsero,GPS Phusachodu A,13080201405
1275,Phek,Pfutsero,GPS Phusachodu Sector,13080201403
1276,Phek,Pfutsero,GHS Porba,13080202003
1277,Phek,Pfutsero,GPS Porba A,13080202001
1278,Phek,Pfutsero,GPS Porba B,13080202002
1279,Phek,Pfutsero,GHS Razheba,13080200501
1280,Phek,Pfutsero,GMS Tsupfuma,13080201902
1281,Phek,Pfutsero,GMS Zavame,13080201302
1282,Phek,Pfutsero,GPS Zeluma,13080201201
1283,Phek,Pfutsero,GHS Sakraba Town,13080202602
1284,Phek,Pfutsero,GMS Sakraba,13080202501
1285,Phek,Pfutsero,GPS Sakraba Town,13080202601
1286,Phek,Pfutsero,GPS Gidemi,13080202301
1287,Phek,Pfutsero,GHS Thetsumi,13080201002
1288,Phek,Pfutsero,GPS Thetsumi,13080201004
1289,Phek,Pfutsero,GHS Zuketsa,13080202401
1290,Phek,Pfutsero,GMS Leshemi,13080200801
1291,Phek,Pfutsero,GMS Zapami,13080201701
1292,Phek,Pfutsero,GPS Lewoza,13080200802
1293,Phek,Pfutsero,GMS Lasumi,13080201801
1294,Phek,Phek,GHS Kutsapo,13080100801
1295,Phek,Phek,GPS Kutsapo B,13080100802
1296,Phek,Phek,GHS Khomi,13080100701
1297,Phek,Phek,GPS Lower Khomi,13080101901
1298,Phek,Phek,GPS Upper Khomi,13080101801
1299,Phek,Phek,GHS Khuza,13080100401
1300,Phek,Phek,GMS Chephoketa,13080100302
1301,Phek,Phek,GPS Metsale,13080101101
1302,Phek,Phek,GMS Kotisu,13080100103
1303,Phek,Phek,GPS Kizari,13080101301
1304,Phek,Phek,GPS Tezatsu,13080101401
1305,Phek,Phek,GHS Losami,13080100904
1306,Phek,Phek,GMS Losa Basa,13080100903
1307,Phek,Phek,GPS Losa Bawe,13080100901
1308,Phek,Phek,GPS Losatephe,13080100905
1309,Phek,Phek,GHS Losaphuhu,13080100501
1310,Phek,Phek,GPS Lanyezho,13080104101
1311,Phek,Phek,GPS Lozaphuhu B,13080100506
1312,Phek,Phek,GHS Phek Town,13080103601
1313,Phek,Phek,GHSS Phek Town,13080103701
1314,Phek,Phek,GMS Kerehuba,13080103401
1315,Phek,Phek,GMS Zion Colony Phek Town,13080103901
1316,Phek,Phek,GPS Jericho 2,13080103801
1317,Phek,Phek,GPS New Colony,13080103101
1318,Phek,Phek,GPS Satheri,13080101001
1319,Phek,Phek,GPS Surhoba,13080102101
1320,Phek,Phek,GHS Sohomi,13080100201
1321,Phek,Phek,GHS Phek Village,13080100602
1322,Phek,Phek,GPS Phek Village,13080100601
1323,Phek,Phek,GMS Phek Basa,13080102004
1324,Phek,Phek,GPS Chosaba,13080102301
1325,Phek,Phek,GMS Tehephu,13080101602
1326,Phek,Phek,GPS Khutsokhuno,13080101701
1327,Phek,Phek,GPS Suthotsu,13080101201
1328,Shamator,Shamator,GMS Chassir,13020400901
1329,Shamator,Shamator,GMS Muleangkiur,13020402201
1330,Shamator,Shamator,GMS Y Anner,13020402001
1331,Shamator,Shamator,GHS Chessore,13020402104
1332,Shamator,Shamator,GPS Chessore A,13020402301
1333,Shamator,Shamator,GMS Chessore B,13020402302
1334,Shamator,Shamator,GPS Assor,13020402304
1335,Shamator,Shamator,GPS Chessore Hq,13020402102
1336,Shamator,Shamator,GPS Keyangru,13020401409
1337,Shamator,Shamator,GPS Kiumehan Khel,13020401410
1338,Shamator,Shamator,GPS New Lapongru,13020401407
1339,Shamator,Shamator,GPS Tujinger Khel,13020401408
1340,Shamator,Shamator,GHS Huker,13020401406
1341,Shamator,Shamator,GMS Aiponger,13020401601
1342,Shamator,Shamator,GPS Huker,13020401402
1343,Shamator,Shamator,GPS Kephor,13020401701
1344,Shamator,Shamator,GPS Kewungthu,13020400104
1345,Shamator,Shamator,GHS Kuthur,13020100202
1346,Shamator,Shamator,GMS Kuthur B,13020100203
1347,Shamator,Shamator,GPS K Wongthu,13020100208
1348,Shamator,Shamator,GPS Kuthur A,13020100201
1349,Shamator,Shamator,GPS Kuthur C,13020100204
1350,Shamator,Shamator,GMS Leangkonger,13020400601
1351,Shamator,Shamator,GMS Nap Sector,13020400406
1352,Shamator,Shamator,GPS Akhilo Khel,13020400413
1353,Shamator,Shamator,GHS Mango,13020401101
1354,Shamator,Shamator,GPS Shipong A,13020401901
1355,Shamator,Shamator,GMS Pungrungru,13020404301
1356,Shamator,Shamator,GMS Rurur B,13020400502
1357,Shamator,Shamator,GPS Huhtangru,13020404401
1358,Shamator,Shamator,GPS Rurur A,13020400501
1359,Shamator,Shamator,GHS Sangkor,13020401203
1360,Shamator,Shamator,GMS Sangphur B,13020400102
1361,Shamator,Shamator,GPS Sangphur A,13020400101
1362,Shamator,Shamator,GPS Yakor,13020400701
1363,Shamator,Shamator,GHSS Shamator,13020400405
1364,Shamator,Shamator,GMS Shamator A,13020400401
1365,Shamator,Shamator,GMS Shamator Village,13020401001
1366,Shamator,Shamator,GPS Shamator B,13020400402
1367,Shamator,Shamator,GPS Shipong Khel,13020400412
1368,Shamator,Shamator,GPS K. Longsor,13020401501
1369,Shamator,Shamator,GPS Shipong B,13020401902
1370,Shamator,Shamator,GMS Sikiur A,13020400201
1371,Shamator,Shamator,GMS Sikiur B,13020400202
1372,Shamator,Shamator,GMS Waphur,13020400301
1373,Shamator,Shamator,GPS Laskiur,13020400801
1374,Shamator,Shamator,GPS Yaye Bridge,13020400503
1375,Shamator,Shamator,GHS Sotokur,13020100104
1376,Shamator,Shamator,GMS Longtoker,13020102001
1377,Shamator,Shamator,GMS Sotokur A,13020100101
1378,Shamator,Shamator,GPS Sotokur B,13020100102
1379,Shamator,Shamator,GPS Sotokur C,13020100103
1380,Shamator,Shamator,GMS Kiutsukiur,13020401801
1381,Tseminyu,Tseminyu,GHS Chunlikha,13070402102
1382,Tseminyu,Tseminyu,GPS Nsunyu,13070402601
1383,Tseminyu,Tseminyu,GPS Likhwenchu,13070404201
1384,Tseminyu,Tseminyu,GHS Kandinu,13070401902
1385,Tseminyu,Tseminyu,GMS Kandinu Upper,13070401903
1386,Tseminyu,Tseminyu,GMS Tsonsa,13070402201
1387,Tseminyu,Tseminyu,GPS Sishunu,13070401801
1388,Tseminyu,Tseminyu,GHS Kasha,13070400902
1389,Tseminyu,Tseminyu,GPS Phenwhenyu,13070402901
1390,Tseminyu,Tseminyu,GPS Kashanyishin,13070403502
1391,Tseminyu,Tseminyu,GPS Kashanyu,13070400901
1392,Tseminyu,Tseminyu,GMS Phenshunyu,13070402502
1393,Tseminyu,Tseminyu,GMS Rumesinyu,13070400201
1394,Tseminyu,Tseminyu,GPS Khenyu,13070402801
1395,Tseminyu,Tseminyu,GHS Sendenyu,13070400502
1396,Tseminyu,Tseminyu,GPS New Sendenyu,13070400601
1397,Tseminyu,Tseminyu,GPS Sendenyu,13070400501
1398,Tseminyu,Tseminyu,GPS Thongsunyu,13070404001
1399,Tseminyu,Tseminyu,GPS Henbenji,13070403402
1400,Tseminyu,Tseminyu,GPS New Terogvunyu,13070403302
1401,Tseminyu,Tseminyu,GPS Terogvunyu,13070402401
1402,Tseminyu,Tseminyu,GPS Khonibinjun,13070403102
1403,Tseminyu,Tseminyu,GHS Tesophenyu,13070401403
1404,Tseminyu,Tseminyu,GMS Tesophenyu Upper,13070403601
1405,Tseminyu,Tseminyu,GPS New Tesophenyu,13070403701
1406,Tseminyu,Tseminyu,GPS Sewanu,13070404101
1407,Tseminyu,Tseminyu,GPS Tesophenyu Lower,13070403201
1408,Tseminyu,Tseminyu,GPS Ziphenyu,13070400301
1409,Tseminyu,Tseminyu,GHS Tseminyu Town,13070401702
1410,Tseminyu,Tseminyu,GPS Adc Hill Tseminyu,13070401703
1411,Tseminyu,Tseminyu,GPS Tseminyu Ward 8,13070401704
1412,Tseminyu,Tseminyu,GHSS Tseminyu,13070401602
1413,Tseminyu,Tseminyu,GPS Tseminyu Old Town,13070401601
1414,Tseminyu,Tseminyu,GPS Tseminyu South Village,13070403801
1415,Tseminyu,Tseminyu,GMS Tseminyu Village,13070401502
1416,Tseminyu,Tseminyu,GPS Ngvuphen,13070404301
1417,Tseminyu,Tseminyu,GPS Zisunyu,13070400801
1418,Tseminyu,Tseminyu,GPS Gukhanyu,13070401201
1419,Tseminyu,Tseminyu,GMS Logwensunyu,13070401001
1420,Tseminyu,Tseminyu,GMS Rengmapani,13070401101
1421,Tseminyu,Tseminyu,GMS Tsosinyu,13070400703
1422,Tseminyu,Tseminyu,GMS Yikhanu,13070400401
1423,Tseminyu,Tseminyu,GPS Ehunu,13070402701
1424,Tuensang,Hakushang,GHS Chingmei,13020501802
1425,Tuensang,Hakushang,GMS Yimpang,13020501902
1426,Tuensang,Hakushang,GPS Taknyu,13020502101
1427,Tuensang,Hakushang,GPS Waoshou,13020502001
1428,Tuensang,Hakushang,GHS Chingmelen,13020100707
1429,Tuensang,Hakushang,GMS Helipong,13020101001
1430,Tuensang,Hakushang,GMS Ngangpong,13020101401
1431,Tuensang,Hakushang,GMS Sipongsang,13020100801
1432,Tuensang,Hakushang,GPS Chingmelen B,13020100702
1433,Tuensang,Hakushang,GPS Helipong B,13020101002
1434,Tuensang,Hakushang,GHS Hakchang,13020101502
1435,Tuensang,Hakushang,GHS Sangsangyu,13020101807
1436,Tuensang,Hakushang,GPS Kejok,13020101301
1437,Tuensang,Hakushang,GPS Keshai,13020102101
1438,Tuensang,Hakushang,GPS Maksha,13020101701
1439,Tuensang,Hakushang,GPS Nyinyem,13020101201
1440,Tuensang,Hakushang,GHS Konya,13020100401
1441,Tuensang,Hakushang,GMS Chendang,13020101101
1442,Tuensang,Hakushang,GPS Chendang Saddle,13020501701
1443,Tuensang,Hakushang,GPS Konya,13020100402
1444,Tuensang,Hakushang,GMS 3Rd Nap Sakshi,13020100605
1445,Tuensang,Hakushang,GPS Buthambou,13020101601
1446,Tuensang,Hakushang,GPS Haak,13020100901
1447,Tuensang,Hakushang,GPS Khudei,13020100501
1448,Tuensang,Hakushang,GPS Mkg-Noksen Road,13020100639
1449,Tuensang,Hakushang,GHS Chaba,13020100635
1450,Tuensang,Hakushang,GHSS Hakushang,13020100634
1451,Tuensang,Hakushang,GHSS Thangjam,13020100620
1452,Tuensang,Hakushang,GHSS Tuensang,13020100611
1453,Tuensang,Hakushang,GMS Post Office,13020100610
1454,Tuensang,Hakushang,GMS Station II,13020100607
1455,Tuensang,Hakushang,GMS Wongtsuwong,13020100603
1456,Tuensang,Hakushang,GHS Tuensang Village,13020100301
1457,Tuensang,Hakushang,GPS K Khel,13020100311
1458,Tuensang,Hakushang,GPS L Khel,13020100302
1459,Tuensang,Hakushang,GPS M Khel,13020100304
1460,Tuensang,Hakushang,GPS U Khel,13020100303
1461,Tuensang,Longkhim,GHS Angangba,13020300603
1462,Tuensang,Longkhim,GMS Lirise,13020300901
1463,Tuensang,Longkhim,GPS Angangba A,13020300601
1464,Tuensang,Longkhim,GPS Angangba B,13020300602
1465,Tuensang,Longkhim,GPS Lirise B,13020300906
1466,Tuensang,Longkhim,GHS Chare,13020300405
1467,Tuensang,Longkhim,GMS Lanutemjen,13020300501
1468,Tuensang,Longkhim,GPS Chare Town,13020300403
1469,Tuensang,Longkhim,GPS New Khel,13020300502
1470,Tuensang,Longkhim,GPS Chungliyimti B,13020300701
1471,Tuensang,Longkhim,GHS Chimonger,13020300103
1472,Tuensang,Longkhim,GMS Nyuli,13020300101
1473,Tuensang,Longkhim,GPS Longdi,13020300102
1474,Tuensang,Longkhim,GHS Chungtor,13020301806
1475,Tuensang,Longkhim,GPS Phoya A,13020301803
1476,Tuensang,Longkhim,GHSS Longkhim,13020302003
1477,Tuensang,Longkhim,GMS Sangsomong,13020301601
1478,Tuensang,Longkhim,GPS Longkhim,13020302005
1479,Tuensang,Longkhim,GHS Longthrok,13020300202
1480,Tuensang,Longkhim,GMS Alemti,13020300802
1481,Tuensang,Longkhim,GPS Chungliyimti,13020300301
1482,Tuensang,Longkhim,GPS New Tsadang,13020300201
1483,Tuensang,Longkhim,GPS Old Tsadang,13020300801
1484,Tuensang,Longkhim,GMS Old Mangakhi,13020301901
1485,Tuensang,Longkhim,GPS New Mangakhi,13020301501
1486,Tuensang,Longkhim,GMS Phir-Ahir,13020301701
1487,Tuensang,Longkhim,GPS Holongba,13020302301
1488,Tuensang,Longkhim,GHS Tonglongsor,13020302203
1489,Tuensang,Longkhim,GPS Longkhipteh,13020301101
1490,Tuensang,Longkhim,GMS Alisopur,13020301402
1491,Tuensang,Longkhim,GMS Tronger A,13020301001
1492,Tuensang,Longkhim,GPS Kiding,13020301301
1493,Tuensang,Longkhim,GPS Singthong Tronger B,13020301002
1494,Tuensang,Longkhim,GMS Yangli,13020301201
1495,Tuensang,Longkhim,GPS Lithsami,13020302101
1496,Tuensang,Longkhim,GPS New Sangsomong,13020303101
1497,Tuensang,Noksen,GHS Ngounchung,13020200503
1498,Tuensang,Noksen,GMS Longdang,13020201201
1499,Tuensang,Noksen,GMS Yali,13020201401
1500,Tuensang,Noksen,GPS Nakshou,13020200601
1501,Tuensang,Noksen,GMS Longra,13020200701
1502,Tuensang,Noksen,GMS Noksen,13020200801
1503,Tuensang,Noksen,GPS Noksen B,13020200803
1504,Tuensang,Noksen,GPS Longra B,13020200702
1505,Tuensang,Noksen,GHS Noksen Town,13020201304
1506,Tuensang,Noksen,GMS Yemrup,13020200101
1507,Tuensang,Noksen,GPS Moadang,13020201302
1508,Tuensang,Noksen,GMS Sangchen,13020201002
1509,Tuensang,Noksen,GPS Lokhung,13020201701
1510,Tuensang,Noksen,GPS Momching,13020201801
1511,Tuensang,Noksen,GPS Saoshou,13020200901
1512,Tuensang,Noksen,GHS Yangpi,13020201101
1513,Tuensang,Noksen,GMS Bhumbak,13020201901
1514,Tuensang,Noksen,GPS Yangpi A,13020201102
1515,Tuensang,Noksen,GPS Yangpi B,13020201103
1516,Tuensang,Noksen,GMS Yokumsang,13020200401
1517,Tuensang,Noksen,GPS Angan,13020200309
1518,Tuensang,Noksen,GPS Kumpong,13020200201
1519,Tuensang,Noksen,GPS Yonyu,13020201501
1520,Wokha,Bhandari,GHS Baghty,13050304101
1521,Wokha,Bhandari,GHSS Bhandari,13050305301
1522,Wokha,Bhandari,GMS Soku,13050302601
1523,Wokha,Bhandari,GMS Yimparasa,13050302801
1524,Wokha,Bhandari,GPS Bhandari Village,13050300902
1525,Wokha,Bhandari,GPS Baghty Town,13050304102
1526,Wokha,Bhandari,GPS Industry Khel Baghty,13050304106
1527,Wokha,Bhandari,GPS Makharong,13050307201
1528,Wokha,Bhandari,GPS Upper Baghty,13050304105
1529,Wokha,Bhandari,GHS Lio Longidang,13050304901
1530,Wokha,Bhandari,GHS Rachan Old Tssori,13050306703
1531,Wokha,Bhandari,GMS New Tssori,13050301601
1532,Wokha,Bhandari,GPS Chanpang Ongc,13050301803
1533,Wokha,Bhandari,GPS Chanpang Village,13050301801
1534,Wokha,Bhandari,GPS Longtsiri,13050305901
1535,Wokha,Bhandari,GHS Akuk,13050300405
1536,Wokha,Bhandari,GHS Mekokla,13050303302
1537,Wokha,Bhandari,GHS Aitepyong,13050302501
1538,Wokha,Bhandari,GMS Lakhuti B,13050300504
1539,Wokha,Bhandari,GPS Akuk B,13050300403
1540,Wokha,Bhandari,GPS Mekokla B,13050303303
1541,Wokha,Bhandari,GPS Akahuto,13030600701
1542,Wokha,Bhandari,GPS Aqhaitito,13030601401
1543,Wokha,Bhandari,GPS Khakuthato,13030600801
1544,Wokha,Bhandari,GPS Methethe,13030600501
1545,Wokha,Bhandari,GPS Akuhaiqa,13030601301
1546,Wokha,Bhandari,GPS Chanka,13050306501
1547,Wokha,Bhandari,GPS New Akuk,13050301701
1548,Wokha,Bhandari,GPS Hayiyan,13050306001
1549,Wokha,Bhandari,GPS Mongphio,13050301301
1550,Wokha,Bhandari,GPS New Lio Wokha,13050301901
1551,Wokha,Bhandari,GPS Pangtong,13050304201
1552,Wokha,Bhandari,GPS Roni,13050302001
1553,Wokha,Bhandari,GPS Serika,13050304401
1554,Wokha,Bhandari,GPS Sungkha,13050302901
1555,Wokha,Bhandari,GMS Old Yanmhon,13050303101
1556,Wokha,Bhandari,GPS Liphi,13050302401
1557,Wokha,Bhandari,GPS Longjang,13050306901
1558,Wokha,Bhandari,GPS Old Koro,13050304501
1559,Wokha,Bhandari,GPS Yamhon New,13050303201
1560,Wokha,Bhandari,GPS New Koro,13050307001
1561,Wokha,Bhandari,GPS Ruchan,13050303102
1562,Wokha,Bhandari,GHS Ralan,13050300301
1563,Wokha,Bhandari,GPS Hanku,13050303701
1564,Wokha,Bhandari,GPS Nrung Lonchum,13050300601
1565,Wokha,Bhandari,GPS Woruku,13050302301
1566,Wokha,Bhandari,GPS Yankeli,13050300101
1567,Wokha,Bhandari,GPS Old Chandalashung,13050300201
1568,Wokha,Bhandari,GPS Azuhoto,13050303501
1569,Wokha,Bhandari,GPS Litchuyan,13050306101
1570,Wokha,Bhandari,GPS New Amboto,13050303902
1571,Wokha,Bhandari,GPS New Wozhu,13050303601
1572,Wokha,Bhandari,GPS Old Amboto,13050303901
1573,Wokha,Bhandari,GPS Old Wozhu,13050303401
1574,Wokha,Bhandari,GPS Sumito,13050306601
1575,Wokha,Bhandari,GMS Old Ralan,13050302204
1576,Wokha,Bhandari,GHS Liphanyan,13050300801
1577,Wokha,Bhandari,GMS New Chandalashung,13050301102
1578,Wokha,Bhandari,GMS Yanpha,13050303002
1579,Wokha,Bhandari,GPS Ronsuyan,13050306201
1580,Wokha,Bhandari,GHS Yimpang,13050304602
1581,Wokha,Bhandari,GMS Merapani,13050304301
1582,Wokha,Bhandari,GPS Alikhum,13050300701
1583,Wokha,Bhandari,GPS Lio Longchum,13050304701
1584,Wokha,Bhandari,GPS Longayim,13050302701
1585,Wokha,Bhandari,GPS Mekirang,13050301001
1586,Wokha,Bhandari,GPS Yimpang,13050304601
1587,Wokha,Sanis,GHS Longtsung,13050201701
1588,Wokha,Sanis,GHS Lotsu,13050201902
1589,Wokha,Sanis,GMS Pyotchu,13050202201
1590,Wokha,Sanis,GPS Lotsu,13050201901
1591,Wokha,Sanis,GPS Moilan,13050202101
1592,Wokha,Sanis,GPS Morakjo,13050201801
1593,Wokha,Sanis,GPS Pyangsa,13050202001
1594,Wokha,Sanis,GHS Sanis,13050202601
1595,Wokha,Sanis,GMS Mesangphen,13050201401
1596,Wokha,Sanis,GPS Sanis 0 Point,13050201303
1597,Wokha,Sanis,GPS Sanis Town,13050201301
1598,Wokha,Sanis,GPS Sanis Village,13050201201
1599,Wokha,Sanis,GMS Sunglup,13050201101
1600,Wokha,Sanis,GHS Aree Old,13050200601
1601,Wokha,Sanis,GHSS Sungro,13050202701
1602,Wokha,Sanis,GMS Okotso,13050200501
1603,Wokha,Sanis,GPS Pangti,13050200403
1604,Wokha,Sanis,GPS Pangti A,13050200401
1605,Wokha,Wokha,GHS Changsu,13050101101
1606,Wokha,Wokha,GHS Englan,13050100304
1607,Wokha,Wokha,GMS New Changsu,13050101001
1608,Wokha,Wokha,GMS Yikhum B,13050103802
1609,Wokha,Wokha,GPS Changsu A,13050101102
1610,Wokha,Wokha,GPS Englan,13050100303
1611,Wokha,Wokha,GPS Riphyim New,13050104501
1612,Wokha,Wokha,GPS Old Riphyim,13050104002
1613,Wokha,Wokha,GPS Yikhum A,13050103801
1614,Wokha,Wokha,GHSS Chukitong,13050100206
1615,Wokha,Wokha,GMS Seluku,13050104601
1616,Wokha,Wokha,GMS Tsungiki A,13050101701
1617,Wokha,Wokha,GPS Koio,13050102401
1618,Wokha,Wokha,GMS Mungya,13050102501
1619,Wokha,Wokha,GMS Nungying,13050102201
1620,Wokha,Wokha,GMS Elumyo,13050104703
1621,Wokha,Wokha,GMS Humtso,13050103701
1622,Wokha,Wokha,GHS Longsa,13050102005
1623,Wokha,Wokha,GMS Longsa A,13050102001
1624,Wokha,Wokha,GPS Niropen,13050107101
1625,Wokha,Wokha,GPS Saron,13050107801
1626,Wokha,Wokha,GMS Longla,13050102601
1627,Wokha,Wokha,GMS Longsachung,13050103201
1628,Wokha,Wokha,GMS N. Longidang,13050101906
1629,Wokha,Wokha,GMS Niriyo,13050103301
1630,Wokha,Wokha,GMS Nyro Centre,13050101202
1631,Wokha,Wokha,GPS Yanthamo,13050103101
1632,Wokha,Wokha,GHSS Wokha,13050106502
1633,Wokha,Wokha,GMS Wokha Town B,13050106603
1634,Wokha,Wokha,GMS Wokha Town D,13050107903
1635,Wokha,Wokha,GPS GHSS Ward,13050107201
1636,Wokha,Wokha,GPS Molonsu,13050106304
1637,Wokha,Wokha,GPS Vungotchu,13050105602
1638,Wokha,Wokha,GMS Wokha Town A,13050105902
1639,Wokha,Wokha,GPS Bluehill,13050106204
1640,Wokha,Wokha,GPS Midland Wokha,13050105401
1641,Wokha,Wokha,GPS Orchid,13050106703
1642,Wokha,Wokha,GMS Wokha Town C,13050106103
1643,Wokha,Wokha,GPS Airfield,13050107601
1644,Wokha,Wokha,GPS Etsutchukha,13050105803
1645,Wokha,Wokha,GPS Titapen,13050105201
1646,Wokha,Wokha,GHS Wokha Village,13050100605
1647,Wokha,Wokha,GMS Wokha Village B,13050100603
1648,Wokha,Wokha,GPS New Wokha Village,13050100606
1649,Wokha,Wokha,GHS Wozhuro,13050101501
1650,Wokha,Wokha,GPS Phiro A,13050102801
1651,Wokha,Wokha,GPS Sankiton,13050103501
1652,Wokha,Wokha,GPS Shaki,13050100501
1653,Wokha,Wokha,GPS Totsu,13050102803
1654,Wokha,Wokha,GMS Pongidong,13050103401
1655,Wokha,Wokha,GPS Meriyan,13050103502
1656,Zunheboto,Aghunato,GHSS Aghunato,13040400402
1657,Zunheboto,Aghunato,GMS Aghunato Town,13040400401
1658,Zunheboto,Aghunato,GPS Pwd Aghunato,13040400501
1659,Zunheboto,Aghunato,GMS Aquba Old,13040400802
1660,Zunheboto,Aghunato,GMS Luthsumi,13040401902
1661,Zunheboto,Aghunato,GPS Aquba New,13040405501
1662,Zunheboto,Aghunato,GPS Lukhuyi,13040401801
1663,Zunheboto,Aghunato,GMS Asuto,13040400602
1664,Zunheboto,Aghunato,GPS Asuto Town,13040400601
1665,Zunheboto,Aghunato,GPS Yevishe,13040404101
1666,Zunheboto,Aghunato,GMS Achikuchu,13040400102
1667,Zunheboto,Aghunato,GPS Asuto Village,13040400701
1668,Zunheboto,Aghunato,GPS Tokiye,13040405001
1669,Zunheboto,Aghunato,GPS Yeshito,13040403301
1670,Zunheboto,Aghunato,GPS Ghokishe,13040405601
1671,Zunheboto,Aghunato,GPS Ghuvishe,13040403001
1672,Zunheboto,Aghunato,GPS Luvishe New,13040402001
1673,Zunheboto,Aghunato,GPS Luvishe Old,13040402101
1674,Zunheboto,Aghunato,GPS Tsukomi New,13040404401
1675,Zunheboto,Aghunato,GPS Zheishe,13040403501
1676,Zunheboto,Aghunato,GMS Hoshepu,13040403802
1677,Zunheboto,Aghunato,GMS Khekiye,13040403901
1678,Zunheboto,Aghunato,GPS Khewoto,13040401101
1679,Zunheboto,Aghunato,GPS Nihoshe S,13040404001
1680,Zunheboto,Aghunato,GPS Khumishi S,13040401301
1681,Zunheboto,Aghunato,GPS Khumishi Y,13040401302
1682,Zunheboto,Aghunato,GMS Atokiji,13040401702
1683,Zunheboto,Aghunato,GPS Kitahu,13040404301
1684,Zunheboto,Aghunato,GPS Koiboto,13040401501
1685,Zunheboto,Aghunato,GPS Tazuhu,13040402701
1686,Zunheboto,Aghunato,GPS Tuzuhu,13040404901
1687,Zunheboto,Aghunato,GMS Keltomi,13040400901
1688,Zunheboto,Aghunato,GMS Ngozubo,13040402301
1689,Zunheboto,Aghunato,GMS Phulesheto,13040402501
1690,Zunheboto,Aghunato,GPS Melahu,13040402201
1691,Zunheboto,Aghunato,GPS Nizhevi Aghunato,13040402401
1692,Zunheboto,Aghunato,GMS Sahuboto,13040402601
1693,Zunheboto,Aghunato,GPS Aghuilito,13040400301
1694,Zunheboto,Aghunato,GMS L/Shevishe,13040401601
1695,Zunheboto,Aghunato,GPS Lukikhe,13040404201
1696,Zunheboto,Aghunato,GHS Tizu Island,13040403701
1697,Zunheboto,Aghunato,GMS Kathara,13040403601
1698,Zunheboto,Aghunato,GMS Aghiyilimi,13040400201
1699,Zunheboto,Aghunato,GPS Khetoi,13040401001
1700,Zunheboto,Aghunato,GMS Khukishe,13040401201
1701,Zunheboto,Aghunato,GMS Tokiye,13040402903
1702,Zunheboto,Aghunato,GMS Viyilho,13040403101
1703,Zunheboto,Aghunato,GPS Thokihi,13040402801
1704,Zunheboto,Aghunato,GPS Viyixe,13040403201
1705,Zunheboto,Aghunato,GPS Yezashi,13040403401
1706,Zunheboto,Akuluto,GMS Aizuto,13040200401
1707,Zunheboto,Akuluto,GMS Aotsakilimi,13040203201
1708,Zunheboto,Akuluto,GMS Naghuto Old,13040202001
1709,Zunheboto,Akuluto,GPS Lokobomi,13040201401
1710,Zunheboto,Akuluto,GPS Naghuto New,13040201901
1711,Zunheboto,Akuluto,GHS Akuhaito Town,13040200801
1712,Zunheboto,Akuluto,GMS Philimi,13040203801
1713,Zunheboto,Akuluto,GHSS Akuluto,13040200604
1714,Zunheboto,Akuluto,GMS Lumithsami,13040201101
1715,Zunheboto,Akuluto,GPS Alaphumi,13040200201
1716,Zunheboto,Akuluto,GPS Shichimi,13040202201
1717,Zunheboto,Akuluto,GPS Sutemi,13040202501
1718,Zunheboto,Akuluto,GPS Zunhekita,13040200612
1719,Zunheboto,Akuluto,GHS Apukito,13040200303
1720,Zunheboto,Akuluto,GPS Khungbo,13040202003
1721,Zunheboto,Akuluto,GMS Asukhuto Town,13040200901
1722,Zunheboto,Akuluto,GPS Asukhuto Village,13040200501
1723,Zunheboto,Akuluto,GPS Vekuho Old,13040202701
1724,Zunheboto,Akuluto,GHS Atoizu,13040203503
1725,Zunheboto,Akuluto,GPS Atoizu Town,13040203501
1726,Zunheboto,Akuluto,GPS Emloto,13040203702
1727,Zunheboto,Akuluto,GPS Litsami,13040201201
1728,Zunheboto,Akuluto,GPS Yesholutomi,13040202901
1729,Zunheboto,Akuluto,GMS Sukomi,13040202301
1730,Zunheboto,Akuluto,GMS Litta,13040201302
1731,Zunheboto,Akuluto,GMS Sastami,13040203301
1732,Zunheboto,Akuluto,GPS Ajiqa,13040204501
1733,Zunheboto,Akuluto,GPS Izheto,13040203601
1734,Zunheboto,Akuluto,GMS T Valley,13040201602
1735,Zunheboto,Akuluto,GPS Lotisami New,13040204101
1736,Zunheboto,Akuluto,GMS Rotomi,13040204002
1737,Zunheboto,Akuluto,GPS Krimutomi,13040201001
1738,Zunheboto,Akuluto,GPS Rotto New,13040204003
1739,Zunheboto,Akuluto,GMS Sumi-Settsu,13040202401
1740,Zunheboto,Akuluto,GPS Lumami,13040201501
1741,Zunheboto,Akuluto,GPS Zaphumi,13040203001
1742,Zunheboto,Akuluto,GHS Vk Town,13040203901
1743,Zunheboto,Akuluto,GMS Phishumi,13040202101
1744,Zunheboto,Akuluto,GPS Maromi,13040201701
1745,Zunheboto,Akuluto,GPS Mukhami,13040201801
1746,Zunheboto,Pughoboto,GHS Asukiqa,13040602903
1747,Zunheboto,Pughoboto,GMS Tsaphimi,13040602001
1748,Zunheboto,Pughoboto,GPS Ghokimi,13040602701
1749,Zunheboto,Pughoboto,GPS Kitami,13040600801
1750,Zunheboto,Pughoboto,GPS Puneboqa,13040603201
1751,Zunheboto,Pughoboto,GMS Chishilimi,13040600601
1752,Zunheboto,Pughoboto,GMS Chisholimi,13040600501
1753,Zunheboto,Pughoboto,GHS Ghathasi,13040601704
1754,Zunheboto,Pughoboto,GMS Iphonumi,13040601601
1755,Zunheboto,Pughoboto,GPS Tukuliqa,13040602201
1756,Zunheboto,Pughoboto,GMS Hebolimi,13040600701
1757,Zunheboto,Pughoboto,GPS Hebolimi Old,13040600703
1758,Zunheboto,Pughoboto,GHS Ighanumi,13040602602
1759,Zunheboto,Pughoboto,GPS Ighanu (Ghaji),13040601803
1760,Zunheboto,Pughoboto,GMS Kichilimi,13040602401
1761,Zunheboto,Pughoboto,GPS Awohumi,13040601501
1762,Zunheboto,Pughoboto,GHS Kilomi,13040603004
1763,Zunheboto,Pughoboto,GPS Kughutomi,13040600401
1764,Zunheboto,Pughoboto,GPS Lazami Izuqa,13040602101
1765,Zunheboto,Pughoboto,GPS Lazami Lazakito,13040601401
1766,Zunheboto,Pughoboto,GHS Lazami,13040601403
1767,Zunheboto,Pughoboto,GPS Laza Iyinu,13040601301
1768,Zunheboto,Pughoboto,GPS Laza Khuluqa,13040603101
1769,Zunheboto,Pughoboto,GMS Mukalimi,13040602801
1770,Zunheboto,Pughoboto,GPS Shesulimi,13040602301
1771,Zunheboto,Pughoboto,GMS Natsumi,13040600901
1772,Zunheboto,Pughoboto,GHSS Pughoboto,13040601005
1773,Zunheboto,Pughoboto,GMS Mishili Phuye,13040601202
1774,Zunheboto,Pughoboto,GPS Heboluqa,13040601008
1775,Zunheboto,Pughoboto,GPS Mishili Phuye,13040601201
1776,Zunheboto,Pughoboto,GPS Mishili Yepaqa,13040601101
1777,Zunheboto,Satakha,GMS Aghuyito,13040500102
1778,Zunheboto,Satakha,GPS Shoixe,13040502901
1779,Zunheboto,Satakha,GPS Zhekiye,13040504001
1780,Zunheboto,Satakha,GMS Kiyekhu,13040501301
1781,Zunheboto,Satakha,GMS Itovi,13040500801
1782,Zunheboto,Satakha,GPS Hokiye,13040500601
1783,Zunheboto,Satakha,GMS Khukiye,13040500901
1784,Zunheboto,Satakha,GPS Lukhai,13040501501
1785,Zunheboto,Satakha,GMS Kulhopu,13040501402
1786,Zunheboto,Satakha,GPS Zungti,13040503901
1787,Zunheboto,Satakha,GPS Xukhepu,13040503601
1788,Zunheboto,Satakha,GMS Ghukiye,13040500201
1789,Zunheboto,Satakha,GPS Nikuto,13040501801
1790,Zunheboto,Satakha,GHS Saptiqa,13040502001
1791,Zunheboto,Satakha,GMS Usutomi,13040503501
1792,Zunheboto,Satakha,GPS Zhevishe,13040503503
1793,Zunheboto,Satakha,GHSS Satakha Town,13040502101
1794,Zunheboto,Satakha,GMS Satakha Old Town,13040502301
1795,Zunheboto,Satakha,GPS Satakha New Colony,13040502201
1796,Zunheboto,Satakha,GPS Momi,13040501601
1797,Zunheboto,Satakha,GMS Satoi Town,13040502601
1798,Zunheboto,Satakha,GMS Ghokhuvi,13040500301
1799,Zunheboto,Satakha,GMS Shena Old,13040502701
1800,Zunheboto,Satakha,GPS Shena New,13040501701
1801,Zunheboto,Satakha,GMS Shoipu,13040502801
1802,Zunheboto,Satakha,GPS Hoishe,13040500501
1803,Zunheboto,Satakha,GPS Nunumi,13040501901
1804,Zunheboto,Satakha,GPS Tukunasami,13040503401
1805,Zunheboto,Satakha,GPS Ghukhui,13040500401
1806,Zunheboto,Satakha,GPS Sukhai,13040503001
1807,Zunheboto,Satakha,GMS Thakiye,13040503101
1808,Zunheboto,Satakha,GMS Tsutoho,13040503302
1809,Zunheboto,Satakha,GHS Xamunuboto,13040501203
1810,Zunheboto,Satakha,GHS Xuivi,13040503803
1811,Zunheboto,Satakha,GPS Kilo Old,13040501101
1812,Zunheboto,Satakha,GPS Vishepu,13040503701
1813,Zunheboto,Zunheboto,GMS A Saghe,13040104501
1814,Zunheboto,Zunheboto,GPS A Saghe M,13040104503
1815,Zunheboto,Zunheboto,GPS A Saghe N,13040104701
1816,Zunheboto,Zunheboto,GMS Amphoto,13040105201
1817,Zunheboto,Zunheboto,GMS Police Reserve,13040103102
1818,Zunheboto,Zunheboto,GPS Natha New,13040102001
1819,Zunheboto,Zunheboto,GPS South Point West,13040105301
1820,Zunheboto,Zunheboto,GHS Asuloto,13040100104
1821,Zunheboto,Zunheboto,GPS Lochomi,13040100301
1822,Zunheboto,Zunheboto,GPS Naltoqa,13040104805
1823,Zunheboto,Zunheboto,GPS Yezami,13040102401
1824,Zunheboto,Zunheboto,GMS Alhahuto,13040105601
1825,Zunheboto,Zunheboto,GMS Baimho,13040102501
1826,Zunheboto,Zunheboto,GPS New Land,13040101701
1827,Zunheboto,Zunheboto,GPS Shotomi,13040101901
1828,Zunheboto,Zunheboto,GMS Dc Hill,13040105401
1829,Zunheboto,Zunheboto,GMS Natha Old,13040102101
1830,Zunheboto,Zunheboto,GPS Dc Hill West,13040105404
1831,Zunheboto,Zunheboto,GHS South Point East,13040105305
1832,Zunheboto,Zunheboto,GMS Kawoto,13040102701
1833,Zunheboto,Zunheboto,GPS Project East Colony,13040105105
1834,Zunheboto,Zunheboto,GPS Lizu Avikato,13040100801
1835,Zunheboto,Zunheboto,GPS Lizu Naghuto,13040102601
1836,Zunheboto,Zunheboto,GPS Lizu New,13040100701
1837,Zunheboto,Zunheboto,GMS Nito Mount,13040102901
1838,Zunheboto,Zunheboto,GMS North Point,13040105901
1839,Zunheboto,Zunheboto,GPS Hekiye,13040100401
1840,Zunheboto,Zunheboto,GPS Khuwoboto,13040105801
1841,Zunheboto,Zunheboto,GMS Phuye New,13040103501
1842,Zunheboto,Zunheboto,GPS Phuye Old,13040103601
1843,Zunheboto,Zunheboto,GHS Sapoti,13040103701
1844,Zunheboto,Zunheboto,GMS Tichipa,13040103802
1845,Zunheboto,Zunheboto,GPS Kholeboto,13040103301
1846,Zunheboto,Zunheboto,GPS Zhekuto,13040104401
1847,Zunheboto,Zunheboto,GMS Sukhalu,13040102201
1848,Zunheboto,Zunheboto,GPS Yemishe,13040102301
1849,Zunheboto,Zunheboto,GHS Suruhuto,13040103901
1850,Zunheboto,Zunheboto,GPS Suruhuto B,13040104001
1851,Zunheboto,Zunheboto,GMS Surumi,13040104102
1852,Zunheboto,Zunheboto,GPS Surumi South,13040104104
1853,Zunheboto,Zunheboto,GMS Medical Colony Suruhuto,13040103401
1854,Zunheboto,Zunheboto,GMS Yehemi,13040104301
1855,Zunheboto,Zunheboto,GPS Kiyetha,13040103201
1856,Zunheboto,Zunheboto,GPS Vedami,13040104601
1857,Zunheboto,Zunheboto,GMS New Colony,13040105503
1858,Zunheboto,Zunheboto,GMS Laghilato,13040104901
1859,Zunheboto,Zunheboto,GMS Old Town Zunheboto,13040105701
1860,Zunheboto,Zunheboto,GPS Project West,13040105106
1861,Zunheboto,Zunheboto,GPS Sheyipu,13040101801
1862,Zunheboto,Zunheboto,GHS Shovishe Memorial Project Colony,13040105101
1863,Zunheboto,Zunheboto,GHSS Zunheboto,13040105704
