District,Block,School Name,UDISE Code
Chumoukedima,Dhansiripar,GHS Akahuto,13060100901
Chumoukedima,Dhansiripar,GPS Phushito,13060103301
Chumoukedima,Dhansiripar,GHS Dhansiripar,13060102002
Chumoukedima,Dhansiripar,GMS Amaluma,13060102502
Chumoukedima,Dhansiripar,GMS Dhansiripar,13060102007
Chumoukedima,Dhansiripar,GMS Diezephe,13060101802
Chumoukedima,Dhansiripar,GPS Khopanala,13060103501
Chumoukedima,Dhansiripar,GMS Doyapur,13060102102
Chumoukedima,Dhansiripar,GPS Doyapur,13060102101
Chumoukedima,Dhansiripar,GPS Ganeshnagar,13060100301
Chumoukedima,Dhansiripar,GMS Hazadisa,13060101202
Chumoukedima,Dhansiripar,GMS Khekiho,13060100602
Chumoukedima,Dhansiripar,GMS Kiyeto,13060101402
Chumoukedima,Dhansiripar,GMS Razhaphe,13060102702
Chumoukedima,Dhansiripar,GPS Razaphebasa,13060103101
Chumoukedima,Dhansiripar,GPS Khiamnok,13060302704
Chumoukedima,Dhansiripar,GHS Lhothavi,13060102302
Chumoukedima,Dhansiripar,GPS Ghowoto,13060102401
Chumoukedima,Dhansiripar,GPS Khekiye,13060100401
Chumoukedima,Dhansiripar,GPS Shikuto,13060103401
Chumoukedima,Dhansiripar,GMS Manglumukh,13060101102
Chumoukedima,Dhansiripar,GPS Daniel Hollohon,13060100501
Chumoukedima,Dhansiripar,GMS Shikavi,13060101002
Chumoukedima,Dhansiripar,GPS AK Industrial,13060103601
Chumoukedima,Dhansiripar,GPS Toshezu,13060100701
Chumoukedima,Dhansiripar,GMS Disaguphu,13060101302
Chumoukedima,Dhansiripar,GMS Shokhuvi,13060102803
Chumoukedima,Dhansiripar,GPS Shitovi,13060102602
Chumoukedima,Dhansiripar,GHSS Singrijan,13060100202
Chumoukedima,Dhansiripar,GMS Singrijan C,13060100102
Chumoukedima,Dhansiripar,GPS Seluophe,13060103201
Chumoukedima,Dhansiripar,GMS Murise,13060101603
Chumoukedima,Dhansiripar,GMS Tsithrongse,13060101702
Chumoukedima,Dhansiripar,GMS Bade,13060102204
Chumoukedima,Dhansiripar,GMS Urra,13060101504
Chumoukedima,Dhansiripar,GPS Bade Upper Khel,13060102205
Chumoukedima,Dhansiripar,GMS Pimla,13060100803
Chumoukedima,Dhansiripar,GMS Zutovi,13060101902
Chumoukedima,Dhansiripar,GPS Vihoshe,13060103001
Chumoukedima,Medziphema,GMS 7th Mile Village,13060301902
Chumoukedima,Medziphema,GPS 7th Mile Model Village,13060306101
Chumoukedima,Medziphema,GPS Sodzulhou,13060305401
Chumoukedima,Medziphema,GHS Chumoukedima Village,13060300302
Chumoukedima,Medziphema,GHSS Chumoukedima,13060300301
Chumoukedima,Medziphema,GPS Chumoukedima Village,13060300303
Chumoukedima,Medziphema,GMS Khaibung,13060303103
Chumoukedima,Medziphema,GPS Hekheshe,13060302302
Chumoukedima,Medziphema,GPS Zhuikhu,13060305002
Chumoukedima,Medziphema,GHS Maova,13060300803
Chumoukedima,Medziphema,GMS Tsuuma,13060302502
Chumoukedima,Medziphema,GPS Chathe,13060306301
Chumoukedima,Medziphema,GPS New Maova,13060302801
Chumoukedima,Medziphema,GHSS Medziphema,13060300601
Chumoukedima,Medziphema,GMS Medziphema Kuki,13060303702
Chumoukedima,Medziphema,GMS Medziphema Town,13060303802
Chumoukedima,Medziphema,GMS Medziphema Village,13060301803
Chumoukedima,Medziphema,GPS Agri Colony,13060305901
Chumoukedima,Medziphema,GHS Molvom,13060304701
Chumoukedima,Medziphema,GMS Jharnapani,13060303602
Chumoukedima,Medziphema,GMS Kukidolong,13060302403
Chumoukedima,Medziphema,GMS Molvom,13060304703
Chumoukedima,Medziphema,GPS Bungsang,13060302901
Chumoukedima,Medziphema,GPS Kupuhe,13060304301
Chumoukedima,Medziphema,GHS Naga United,13060300905
Chumoukedima,Medziphema,GMS Model Village 5Th Mile,13060301405
Chumoukedima,Medziphema,GMS Sugar Mill,13060304904
Chumoukedima,Medziphema,GHS Piphema,13060300402
Chumoukedima,Medziphema,GMS Piphema Bazar,13060304802
Chumoukedima,Medziphema,GPS Piphema Old,13060303401
Chumoukedima,Medziphema,GMS New Chumoukedima,13060304402
Chumoukedima,Medziphema,GMS Ruzaphema,13060300201
Chumoukedima,Medziphema,GPS New Chumu B,13060305802
Chumoukedima,Medziphema,GPS Paglapahar,13060305801
Chumoukedima,Medziphema,GPS Ruzaphema Block 3,13060300202
Chumoukedima,Medziphema,GMS Seithekema A,13060302103
Chumoukedima,Medziphema,GMS Seithekema Basa,13060302002
Chumoukedima,Medziphema,GMS Seithekema C,13060300502
Chumoukedima,Medziphema,GMS Seithekema Old,13060304603
Chumoukedima,Medziphema,GMS New Socunoma,13060305305
Chumoukedima,Medziphema,GMS Sirhima,13060303002
Chumoukedima,Medziphema,GPS Geljang,13060306501
Chumoukedima,Medziphema,GPS Peduzha,13060306201
Chumoukedima,Medziphema,GPS Sirhi Angami,13060302601
Chumoukedima,Medziphema,GHS Sovima,13060300107
Chumoukedima,Medziphema,GMS Khriezephe,13060301202
Chumoukedima,Medziphema,GPS Sovima F Khel,13060306001
Chumoukedima,Medziphema,GMS Chumukedima Block IV,13060301302
Chumoukedima,Medziphema,GHS Tenyiphe I,13060301003
Chumoukedima,Medziphema,GPS Tenyiphe I A Khel,13060301005
Chumoukedima,Medziphema,GMS Tenyiphe II,13060301006
Chumoukedima,Medziphema,GMS Vidima,13060302702
Chumoukedima,Medziphema,GPS Tenyiphe III Virazouma,13060305701
Chumoukedima,Medziphema,GMS Sakipheto,13060305102
Chumoukedima,Medziphema,GMS Tsiepama,13060301702
Chumoukedima,Medziphema,GPS Pherima Alato,13060300704
Chumoukedima,Medziphema,GPS Tsiepama Model,13060301704
Dimapur,Dimapur Urban,GHS Burma Camp,13060500609
Dimapur,Dimapur Urban,GMS Chakhesang Colony,13060500802
Dimapur,Dimapur Urban,GMS Veterinary Colony,13060501502
Dimapur,Dimapur Urban,GMS Ward 4 Ragailong,13060504301
Dimapur,Dimapur Urban,GHSS Dimapur,13060500502
Dimapur,Dimapur Urban,GMS Dimapur Town,13060500508
Dimapur,Dimapur Urban,GMS Kuda,13060502902
Dimapur,Dimapur Urban,GPS Mishikito,13060505301
Dimapur,Dimapur Urban,GPS Ward No.20 Imkonglenden,13060502404
Dimapur,Dimapur Urban,GMS Duncan Ao,13060500202
Dimapur,Dimapur Urban,GMS Duncan Lotha,13060500108
Dimapur,Dimapur Urban,GPS Ward 13,13060503601
Dimapur,Dimapur Urban,GHSS Lengrijan,13060502011
Dimapur,Dimapur Urban,GPS Industrial Village Razuphe,13060504601
Dimapur,Dimapur Urban,GPS Lengrijan,13060502007
Dimapur,Dimapur Urban,GMS Naga New Model Ao,13060503302
Dimapur,Dimapur Urban,GMS Naga New Model Sumi,13060501103
Dimapur,Dimapur Urban,GPS Naga New Model Angami,13060501004
Dimapur,Dimapur Urban,GPS Naga New Model Lotha,13060500901
Dimapur,Dimapur Urban,GMS Phaipijang,13060503202
Dimapur,Dimapur Urban,GPS Nagarjan A,13060502903
Dimapur,Dimapur Urban,GPS Toulazouma,13060504401
Dimapur,Dimapur Urban,GPS Valley View,13060505201
Dimapur,Dimapur Urban,GHS Sarbura,13060500408
Dimapur,Dimapur Urban,GMS Aoyimkum,13060502802
Dimapur,Dimapur Urban,GMS Indisen,13060500407
Dimapur,Dimapur Urban,GPS Kacharigaon Phevima,13060504501
Dimapur,Dimapur Urban,GPS Senjum,13060500405
Dimapur,Dimapur Urban,GHS Sematilla,13060503001
Dimapur,Dimapur Urban,GMS Ward 23 Metha Colony,13060503802
Dimapur,Dimapur Urban,GMS Lhomithi,13060501607
Dimapur,Dimapur Urban,GHS Signal Angami,13060501804
Dimapur,Dimapur Urban,GPS Kevijau Colony,13060504801
Dimapur,Dimapur Urban,GPS Y. Zhimo Colony,13060504701
Dimapur,Dimapur Urban,GHS Thahekhu,13060501907
Dimapur,Dimapur Urban,GMS Rangapahar Crossing,13060500701
Dimapur,Dimapur Urban,GMS Sangtamilla,13060501302
Dimapur,Dimapur Urban,GPS Thahekhu Block 7,13060501909
Dimapur,Dimapur Urban,GMS Midland Dimapur,13060501205
Dimapur,Dimapur Urban,GMS Zeliangrong,13060501406
Dimapur,Dimapur Urban,GPS K. Sachu Colony,13060501608
Dimapur,Khushiabil,GMS Chekiye,13060200401
Dimapur,Khushiabil,GPS Chekiye Aphuyesah,13060200410
Dimapur,Khushiabil,GPS Chekiye Aqasa,13060200408
Dimapur,Khushiabil,GPS Thilixu Block 1,13060201505
Dimapur,Khushiabil,GPS Thilixu Block 4,13060201507
Dimapur,Khushiabil,GHS Darogapathar,13060203404
Dimapur,Khushiabil,GHS Naharbari,13060200605
Dimapur,Khushiabil,GHS Thilixu,13060201501
Dimapur,Khushiabil,GPS Thilixu Block 2,13060201506
Dimapur,Khushiabil,GHSS Diphupar A,13060206001
Dimapur,Khushiabil,GMS Diphupar Ao,13060201701
Dimapur,Khushiabil,GPS Diphupar Angami,13060202401
Dimapur,Khushiabil,GPS Diphupar Chakhesang,13060202301
Dimapur,Khushiabil,GHS Diphupar B,13060202703
Dimapur,Khushiabil,GPS Ikishe,13060212001
Dimapur,Khushiabil,GMS Diphupar Sumi,13060201604
Dimapur,Khushiabil,GMS Diphupar Tangkhul,13060202004
Dimapur,Khushiabil,GPS Diphupar Lotha,13060203201
Dimapur,Khushiabil,GPS Diphupar Rongmei,13060203701
Dimapur,Khushiabil,GMS Dubagaon,13060200801
Dimapur,Khushiabil,GPS Eralibil,13060201301
Dimapur,Khushiabil,GPS K Hollohon,13060205801
Dimapur,Khushiabil,GMS Aoyimti,13060206202
Dimapur,Khushiabil,GMS Ekranipathar,13060210102
Dimapur,Khushiabil,GPS Aoyimti,13060206201
Dimapur,Khushiabil,GPS Kirha,13060212201
Dimapur,Khushiabil,GHS Khaghaboto,13060210802
Dimapur,Khushiabil,GPS Ghonivi,13060210501
Dimapur,Khushiabil,GPS Pishikhu,13060211201
Dimapur,Khushiabil,GMS Hoito,13060209702
Dimapur,Khushiabil,GMS Khehokhu,13060209202
Dimapur,Khushiabil,GMS Suhoi,13060209402
Dimapur,Khushiabil,GPS Xekiye,13060208501
Dimapur,Khushiabil,GHS Kuhuboto,13060208701
Dimapur,Khushiabil,GMS Pukhato,13060208603
Dimapur,Khushiabil,GPS Ghokito,13060208401
Dimapur,Khushiabil,GPS Kuhuboto,13060208704
Dimapur,Khushiabil,GPS Luzheto,13060211301
Dimapur,Khushiabil,GPS S Hotovi,13060209001
Dimapur,Khushiabil,GHS Kushiabill,13060204602
Dimapur,Khushiabil,GMS Darogajan,13060206602
Dimapur,Khushiabil,GPS Bamunpukhuri A,13060203601
Dimapur,Khushiabil,GPS Doshehe,13060204603
Dimapur,Khushiabil,GHS Nihoto,13060208902
Dimapur,Khushiabil,GMS Lotovi,13060209303
Dimapur,Khushiabil,GPS Henivi,13060207901
Dimapur,Khushiabil,GPS Khughovi,13060208201
Dimapur,Khushiabil,GPS Hukato,13060211501
Dimapur,Khushiabil,GPS Nizhevi Khushiabil,13060209501
Dimapur,Khushiabil,GPS Vikuho,13060209601
Dimapur,Khushiabil,GPS Zuvukhu,13060211601
Dimapur,Khushiabil,GPS Kiyezhe,13060211602
Dimapur,Khushiabil,GHSS Purana Bazar,13060200301
Dimapur,Khushiabil,GMS Padumpukhuri,13060201405
Dimapur,Khushiabil,GMS Purana Bazar A,13060201103
Dimapur,Khushiabil,GPS Padumpukhuri Block 3,13060201409
Dimapur,Khushiabil,GPS Purana Bazar Sumi,13060212101
Dimapur,Khushiabil,GMS Sahoi,13060210902
Dimapur,Khushiabil,GMS Shitoi,13060211401
Dimapur,Khushiabil,GPS Hevishe,13060210601
Dimapur,Khushiabil,GPS Kiyelho,13060210701
Dimapur,Khushiabil,GPS Xukiye,13060208801
Dimapur,Khushiabil,GMS Showuba Old,13060208303
Dimapur,Khushiabil,GMS Xelhozhe,13060204605
Dimapur,Khushiabil,GPS Aoyim,13060210401
Dimapur,Khushiabil,GPS Showuba New Loyir,13060208001
Dimapur,Khushiabil,GHS Toluvi,13060201804
Dimapur,Khushiabil,GMS Bamunpukhuri B,13060203502
Dimapur,Khushiabil,GMS Purana Bazar B,13060206103
Dimapur,Khushiabil,GMS Zani,13060202502
Dimapur,Khushiabil,GPS Samaguri,13060201201
Dimapur,Khushiabil,GMS Hokhezhe,13060211702
Dimapur,Khushiabil,GMS Vihokhu,13060208103
Dimapur,Khushiabil,GMS Ekhyo Yan,13060206402
Dimapur,Khushiabil,GMS Shozukhu,13060206501
Dimapur,Khushiabil,GMS Zukihe,13060211001
Dimapur,Khushiabil,GPS L Hotovi,13060206301
Kiphire,Kiphire,GHS Amahator,13100801202
Kiphire,Kiphire,GMS Changchor,13100800401
Kiphire,Kiphire,GPS Amahator Village,13100803302
Kiphire,Kiphire,GMS Anatongre,13100802402
Kiphire,Kiphire,GPS Anatongre,13100802401
Kiphire,Kiphire,GPS Tsongphong,13100802801
Kiphire,Kiphire,GPS Kisetong,13100802203
Kiphire,Kiphire,GHS Kichang,13100800201
Kiphire,Kiphire,GMS Hurong,13100801301
Kiphire,Kiphire,GHS Yangphi,13100800125
Kiphire,Kiphire,GHSS Kiphire Town,13100800101
Kiphire,Kiphire,GMS Kiphire Town Station B,13100800102
Kiphire,Kiphire,GMS Kipongya,13100800112
Kiphire,Kiphire,GMS Longya,13100800122
Kiphire,Kiphire,GMS Medical Ward,13100800114
Kiphire,Kiphire,GMS Phed Ward,13100800113
Kiphire,Kiphire,GPS Kiza,13100800127
Kiphire,Kiphire,GPS Longthonger,13100801601
Kiphire,Kiphire,GMS Kiphire Village,13100801802
Kiphire,Kiphire,GPS Kiphire Village,13100801804
Kiphire,Kiphire,GHS Longmatra Town,13100800702
Kiphire,Kiphire,GPS Longmatra Town,13100802901
Kiphire,Kiphire,GPS Longmatra Town Station B,13100802903
Kiphire,Kiphire,GPS Longmatra Village,13100802702
Kiphire,Kiphire,GPS Nyutsu,13100802405
Kiphire,Kiphire,GPS Azesto,13100803801
Kiphire,Kiphire,GPS New Longmatra,13100802001
Kiphire,Kiphire,GPS Ngromi,13100801101
Kiphire,Kiphire,GHS Phelungre,13100800503
Kiphire,Kiphire,GPS Phelungre,13100800502
Kiphire,Kiphire,GMS New Risethsi,13100801001
Kiphire,Kiphire,GMS Old Risethsi,13100801501
Kiphire,Kiphire,GMS Yingshukiur,13100801401
Kiphire,Kiphire,GMS Sanphure,13100800901
Kiphire,Kiphire,GMS Tutheyo,13100801901
Kiphire,Kiphire,GPS Sangtsoze,13100803601
Kiphire,Kiphire,GHS Singrep,13100800601
Kiphire,Kiphire,GPS Langkok,13100802101
Kiphire,Kiphire,GPS Pongren,13100802301
Kiphire,Kiphire,GPS Tutheze,13100802601
Kiphire,Pungro,GPS Khong,13100900109
Kiphire,Pungro,GPS Longkhimvong,13100901001
Kiphire,Pungro,GMS Khongjiri,13100901301
Kiphire,Pungro,GPS Lopfukhong,13100901601
Kiphire,Pungro,GPS Hakkomute,13100900108
Kiphire,Pungro,GPS Khongka,13100901501
Kiphire,Pungro,GHS Kiusam Town,13100900501
Kiphire,Pungro,GPS Kiusam,13100903801
Kiphire,Pungro,GPS Luthur,13100901101
Kiphire,Pungro,GPS Tekenvong,13100900901
Kiphire,Pungro,GHS Mimi Village,13100900604
Kiphire,Pungro,GPS Mutenkhong,13100900107
Kiphire,Pungro,GMS Moya,13100902601
Kiphire,Pungro,GPS New Vongti,13100900802
Kiphire,Pungro,GMS Penkim,13100901201
Kiphire,Pungro,GPS Fakim,13100901401
Kiphire,Pungro,GPS Tsundang,13100903001
Kiphire,Pungro,GHS Phuvkiu Village,13100900304
Kiphire,Pungro,GMS Zhimkiur,13100900702
Kiphire,Pungro,GMS Longtsunger,13100901901
Kiphire,Pungro,GMS Pokphur,13100902201
Kiphire,Pungro,GPS Chikiuponger,13100902301
Kiphire,Pungro,GHSS Pungro Town,13100900101
Kiphire,Pungro,GMS Pungro Town,13100900102
Kiphire,Pungro,GMS Pungro Village,13100902501
Kiphire,Pungro,GPS Pungro Forest Ward,13100900111
Kiphire,Pungro,GPS Old Vongti,13100900801
Kiphire,Pungro,GHS Salomi,13100900204
Kiphire,Pungro,GPS Khongsa,13100903902
Kiphire,Pungro,GMS Thanamir,13100901701
Kiphire,Pungro,GMS Metonger,13100902001
Kiphire,Pungro,GMS Sangkhumti,13100902101
Kiphire,Pungro,GPS Sangthsong,13100902401
Kiphire,Pungro,GPS Vongtsuvong,13100903701
Kiphire,Pungro,GMS Zanger,13100900403
Kiphire,Pungro,GPS Iponger,13100901801
Kiphire,Seyochung,GHS Longya,13101001401
Kiphire,Seyochung,GPS Thangthure Sector B,13101000502
Kiphire,Seyochung,GPS Yingphire,13101000401
Kiphire,Seyochung,GMS Natsami A,13101002501
Kiphire,Seyochung,GPS Natsami B,13101002301
Kiphire,Seyochung,GHS Phisami,13101001102
Kiphire,Seyochung,GPS Lukhami,13101001001
Kiphire,Seyochung,GHS Seyochung Town,13101000101
Kiphire,Seyochung,GPS Yangzithong A,13101000801
Kiphire,Seyochung,GPS Yangzithong B,13101000901
Kiphire,Seyochung,GPS New Monger,13101000201
Kiphire,Seyochung,GHS Seyochung Village,13101000602
Kiphire,Seyochung,GPS Shothumi A,13101001201
Kiphire,Seyochung,GPS Shothumi B,13101001301
Kiphire,Seyochung,GHS Sitimi Town,13101001701
Kiphire,Seyochung,GMS Nitoi,13101001901
Kiphire,Seyochung,GPS Kiyezhe Village,13101002901
Kiphire,Seyochung,GPS Nikiye,13101002801
Kiphire,Seyochung,GPS Sitimi A,13101001501
Kiphire,Seyochung,GPS Sitimi B,13101001601
Kiphire,Seyochung,GPS Honito,13101001801
Kiphire,Seyochung,GMS Thsinger,13101000701
Kiphire,Seyochung,GPS Langzanger,13101002401
Kiphire,Seyochung,GMS Thazuvi,13101002001
Kiphire,Seyochung,GMS Yangsekyu,13101002101
Kiphire,Seyochung,GPS Xuvishe,13101002701
Kohima,Chiephobozou,GHS Botsa,13070300802
Kohima,Chiephobozou,GHSS Chiechama,13070300404
Kohima,Chiephobozou,GMS Chiechama Centre,13070300402
Kohima,Chiephobozou,GPS Nachama,13070300501
Kohima,Chiephobozou,GHS Diki,13070302602
Kohima,Chiephobozou,GPS Diho Bawe,13070302601
Kohima,Chiephobozou,GMS Gareiphema,13070301001
Kohima,Chiephobozou,GPS Gareiphe Basa,13070301101
Kohima,Chiephobozou,GMS Kijumetouma,13070302801
Kohima,Chiephobozou,GPS Kijumetouma Basa,13070303401
Kohima,Chiephobozou,GMS Chuziema,13070301701
Kohima,Chiephobozou,GMS Meriema,13070301601
Kohima,Chiephobozou,GHS Nerhe Model,13070300103
Kohima,Chiephobozou,GMS Tekhuzie,13070300102
Kohima,Chiephobozou,GPS Nerhe Phezha,13070300301
Kohima,Chiephobozou,GPS Tsiesebou,13070300101
Kohima,Chiephobozou,GHS Rusoma,13070301803
Kohima,Chiephobozou,GPS Ruso Bawe,13070301802
Kohima,Chiephobozou,GMS Seiyhama,13070300701
Kohima,Chiephobozou,GPS Seiyha Phesa,13070303101
Kohima,Chiephobozou,GPS Tsiemekhuma,13070301901
Kohima,Chiephobozou,GPS Tsiemekhuma Basa,13070302001
Kohima,Chiephobozou,GMS Tsiesema,13070301401
Kohima,Chiephobozou,GPS Tsiesema Basa,13070301501
Kohima,Chiephobozou,GMS Tuophema,13070300903
Kohima,Chiephobozou,GPS Tuophe Phezou,13070303201
Kohima,Chiephobozou,GPS Teichuma,13070303301
Kohima,Chiephobozou,GPS Viphoma,13070302301
Kohima,Chiephobozou,GHS Zhadima,13070301204
Kohima,Chiephobozou,GPS Zhadi Basa,13070301201
Kohima,Chiephobozou,GPS Zhadi Kimho,13070301203
Kohima,Chiephobozou,GMS Phekerkriema,13070301301
Kohima,Chiephobozou,GMS Ziezou,13070302101
Kohima,L.Khel,GHS Chandmari,13070701205
Kohima,L.Khel,GMS Lower Chandmari,13070701302
Kohima,L.Khel,GPS Tsiepfu Tsiepfhe,13070701507
Kohima,L.Khel,GMS Chedema,13070702402
Kohima,L.Khel,GPS Chedema Model Village,13070702501
Kohima,L.Khel,GHS Forest Colony,13070701704
Kohima,L.Khel,GMS Officer's Hill,13070701002
Kohima,L.Khel,GPS P. R. Hill,13070701902
Kohima,L.Khel,GHS Phezoucha New Sectt. Colony,13070702307
Kohima,L.Khel,GPS High School Area,13070700108
Kohima,L.Khel,Ruzhukhrie GHSS,13070700101
Kohima,L.Khel,GMS L Khel,13070702306
Kohima,L.Khel,GPS Kenuozou,13070700306
Kohima,L.Khel,GMS Kruoliezou,13070702304
Kohima,L.Khel,Tm GHSS,13070702305
Kohima,L.Khel,GHS New Market,13070700804
Kohima,L.Khel,GHS Bayavu,13070700204
Kohima,L.Khel,GHS Daklane,13070700702
Kohima,L.Khel,GMS Merulietsa,13070701803
Kohima,L.Khel,GMS Naga Bazar,13070700401
Kohima,L.Khel,GPS Lower Naga Bazar,13070700404
Kohima,L.Khel,GPS New Keziekie,13070700303
Kohima,L.Khel,GPS Sepfuzou,13070700207
Kohima,L.Khel,GMS Aradura Lerie Chazou,13070701607
Kohima,L.Khel,GMS New Minister Hill,13070701609
Kohima,L.Khel,GMS Cwsn Lerie,13070701611
Kohima,L.Khel,GHS PWD,13070701101
Kohima,L.Khel,GHS Midland Kohima,13070700902
Kohima,L.Khel,GMS Potterlane,13070701403
Kohima,L.Khel,Dr. Neilhouzhu Kire GHSS,13070702002
Kohima,L.Khel,GMS D Khel,13070702001
Kohima,L.Khel,GMS Keyake,13070702107
Kohima,L.Khel,GMS P Khel,13070702101
Kohima,L.Khel,GMS T Khel,13070702201
Kohima,L.Khel,GPS D Block,13070700604
Kohima,L.Khel,GPS Garuzou,13070702110
Kohima,L.Khel,GPS Kitsubozou,13070700501
Kohima,L.Khel,GPS Ruziezou,13070702003
Kohima,Secu Zubza,GHS Tasazhu Jotsoma,13070800109
Kohima,Secu Zubza,GHSS Jotsoma,13070800104
Kohima,Secu Zubza,GPS Jotsoma Phezhu,13070800101
Kohima,Secu Zubza,GPS Jotsoma Upper,13070800102
Kohima,Secu Zubza,GHS Khonoma,13070800204
Kohima,Secu Zubza,GPS Chayagei,13070800207
Kohima,Secu Zubza,GPS Dzukhwekie,13070800202
Kohima,Secu Zubza,GPS Dzuleke,13070800301
Kohima,Secu Zubza,GHS Kiruphema,13070800802
Kohima,Secu Zubza,GPS Lielhokhuzou,13070800803
Kohima,Secu Zubza,GPS Peducha,13070800801
Kohima,Secu Zubza,GPS Kiruphema Basa,13070800701
Kohima,Secu Zubza,GMS Mengujuma,13070800901
Kohima,Secu Zubza,GMS Thekrejuma,13070801101
Kohima,Secu Zubza,GHS Mezoma,13070800403
Kohima,Secu Zubza,GPS Mezo Basa,13070801301
Kohima,Secu Zubza,GPS Mezo Kuotsu,13070800401
Kohima,Secu Zubza,GHSS Sechu Zubza,13070800602
Kohima,Secu Zubza,GPS Sechu Zubza Upper,13070800604
Kohima,Secu Zubza,GPS Tsuru Zubza,13070800605
Kohima,Secu Zubza,GPS Sechuma,13070800501
Kohima,Secu Zubza,GMS Orphanage Seithogei,13070801001
Kohima,Secu Zubza,GPS Lerumedi,13070801401
Kohima,Viswema,GHS Jakhama,13070200303
Kohima,Viswema,GMS Jakhama,13070200301
Kohima,Viswema,GPS Zhodi,13070200309
Kohima,Viswema,GHS Kezocha,13070200902
Kohima,Viswema,GMS Kezoma,13070200904
Kohima,Viswema,GMS Kidima,13070201204
Kohima,Viswema,GPS Kidima B,13070201202
Kohima,Viswema,GHS Khuzama,13070200103
Kohima,Viswema,GPS Khuzama,13070200101
Kohima,Viswema,GHSS Kigwema,13070200404
Kohima,Viswema,GMS Kigwema,13070200401
Kohima,Viswema,GPS Kigwema C,13070200403
Kohima,Viswema,GPS Kipfuzha,13070200407
Kohima,Viswema,GMS Mima,13070200701
Kohima,Viswema,GMS Mitelephe,13070200601
Kohima,Viswema,GMS Pfuchama,13070200501
Kohima,Viswema,GMS Phesama,13070200801
Kohima,Viswema,GPS Tekhuba New Reserve,13070200805
Kohima,Viswema,GHS Sakhabama,13070201301
Kohima,Viswema,GMS Kezo Town,13070201101
Kohima,Viswema,GPS Kezo Basa,13070201001
Kohima,Viswema,GHSS Viswema,13070200206
Kohima,Viswema,GMS K Khel Viswema,13070200202
Kohima,Viswema,GPS R.Khel Viswema,13070200205
Longleng,Longleng,GHS Bhumnyu,13090600406
Longleng,Longleng,GPS Bhumnyu A,13090600404
Longleng,Longleng,GPS Bhumnyu B,13090600405
Longleng,Longleng,GPS Dungkhao,13090603201
Longleng,Longleng,GHS Namching,13090600604
Longleng,Longleng,GMS Hukphang A,13090600306
Longleng,Longleng,GPS Hukphan B,13090600302
Longleng,Longleng,GPS Hukphang C,13090600304
Longleng,Longleng,GPS Lingtak,13090600305
Longleng,Longleng,GPS Namching,13090600601
Longleng,Longleng,Bautung Higher Secondary School,13090600121
Longleng,Longleng,GHS Nyengching,13090600107
Longleng,Longleng,GMS Block,13090600129
Longleng,Longleng,GMS Leinak,13090600125
Longleng,Longleng,GMS Pupei,13090602001
Longleng,Longleng,GMS Shayung,13090600101
Longleng,Longleng,GMS Station,13090600128
Longleng,Longleng,GPS Noklangkong,13090600126
Longleng,Longleng,GPS Nyengching,13090600106
Longleng,Longleng,GPS Oushok,13090600102
Longleng,Longleng,GPS Shauli,13090600123
Longleng,Longleng,GPS Tongpen,13090600127
Longleng,Longleng,GMS Orangkong A,13090601204
Longleng,Longleng,GPS Orangkong B,13090601202
Longleng,Longleng,GPS Orangkong C,13090600122
Longleng,Longleng,GMS Mongtikang,13090601502
Longleng,Longleng,GMS Pongching B,13090601701
Longleng,Longleng,GPS Pongching A,13090601601
Longleng,Longleng,GHS Pongo,13090600507
Longleng,Longleng,GPS Hongnyu,13090600506
Longleng,Longleng,GPS Pongo A,13090600501
Longleng,Longleng,GPS Pongo B,13090600502
Longleng,Longleng,GHS Sakshi,13090600703
Longleng,Longleng,GPS Sakshi A,13090600701
Longleng,Longleng,GPS Sakshi B,13090600702
Longleng,Longleng,GPS Yimchong,13090600705
Longleng,Longleng,GHS Yachem,13090601003
Longleng,Longleng,GHS Yaongyimchen,13090601105
Longleng,Longleng,GPS Alayong,13090602201
Longleng,Longleng,GPS Noksosang,13090602301
Longleng,Longleng,GPS Yachem A,13090601001
Longleng,Longleng,GPS Yachem B,13090601002
Longleng,Longleng,GPS Yaongyimchen A,13090601101
Longleng,Longleng,GMS Auching A,13090600905
Longleng,Longleng,GMS Yangching,13090600802
Longleng,Longleng,GPS Auching B,13090600902
Longleng,Longleng,GHS Yonghphang,13090601301
Longleng,Longleng,GPS Yongphang A,13090601303
Longleng,Longleng,GPS Yongphang B,13090601302
Longleng,Tamlu,GMS Anaikhai Phom Khel,13090701501
Longleng,Tamlu,GPS Ladigarh,13090701401
Longleng,Tamlu,GPS Shamnyuching,13090701201
Longleng,Tamlu,GHS Buranamsang,13090701304
Longleng,Tamlu,GPS Buranamsang A,13090701301
Longleng,Tamlu,GPS Buranamsang B,13090701302
Longleng,Tamlu,GPS Buranamsang C,13090701303
Longleng,Tamlu,GPS Ngetchongching,13090701101
Longleng,Tamlu,GPS Yonglok,13090701803
Longleng,Tamlu,GPS Nyang B,13090700502
Longleng,Tamlu,GMS Nyang B,13090700503
Longleng,Tamlu,GMS Yongam,13090700405
Longleng,Tamlu,GPS  Mechong,13090700505
Longleng,Tamlu,GPS Namhaching,13090701903
Longleng,Tamlu,GMS Shetap,13090701003
Longleng,Tamlu,GHS K. Khel Tamlu,13090700901
Longleng,Tamlu,GHS Kangching,13090700706
Longleng,Tamlu,GHS Tamlu,13090700603
Longleng,Tamlu,GMS Tamlu Town,13090700608
Longleng,Tamlu,GMS Tamlu Village B,13090700903
Longleng,Tamlu,GPS Kangching A,13090700701
Longleng,Tamlu,GPS Kangching B,13090700702
Longleng,Tamlu,GPS Netnyu,13090702002
Longleng,Tamlu,GPS Tamlu Town A,13090700607
Longleng,Tamlu,GPS Tamlu Village A,13090700902
Longleng,Tamlu,GHS Yotan,13090700201
Longleng,Tamlu,GMS Tangha,13090700308
Longleng,Tamlu,GPS Tangha A,13090700301
Longleng,Tamlu,GPS Tangha C,13090700307
Longleng,Tamlu,GHS Yongnyah,13090700810
Longleng,Tamlu,GPS Shamsang D,13090700809
Longleng,Tamlu,GPS Yongnyah A,13090700801
Longleng,Tamlu,GPS Yongnyah C,13090700803
Longleng,Tamlu,GMS Yongshei,13090700108
Longleng,Tamlu,GPS Yongshei B,13090700102
Longleng,Tamlu,GPS Yongshei C,13090700104
Mokokchung,Changtongya,GMS Anaki Yimsen,13030401702
Mokokchung,Changtongya,GPS Anaki C,13030401801
Mokokchung,Changtongya,GPS Luyim Lenden,13030402001
Mokokchung,Changtongya,GHS Asangma,13030400403
Mokokchung,Changtongya,GPS Ongjina,13030400402
Mokokchung,Changtongya,GMS Kelingmen,13030400305
Mokokchung,Changtongya,GHS R C Chiten Jamir Memorial,13030400506
Mokokchung,Changtongya,GMS Changtongya A,13030400513
Mokokchung,Changtongya,GPS Changtongya B,13030400504
Mokokchung,Changtongya,GPS Electrical,13030400505
Mokokchung,Changtongya,GPS Windy Ward,13030400514
Mokokchung,Changtongya,GHS Changtongya B,13030400606
Mokokchung,Changtongya,GPS Changtongya Yimsen,13030400701
Mokokchung,Changtongya,GPS Longzung,13030400603
Mokokchung,Changtongya,GPS Ongpang,13030400602
Mokokchung,Changtongya,GHS Kangtsung,13030401403
Mokokchung,Changtongya,GPS Kangtsung,13030401402
Mokokchung,Changtongya,GPS Wamaken,13030401501
Mokokchung,Changtongya,GHS Longrimendang Ao,13030401308
Mokokchung,Changtongya,GPS Tzudikong B,13030401307
Mokokchung,Changtongya,GHS Merachiba Memorial Merangkong,13030401104
Mokokchung,Changtongya,GMS Mopongsen Merangkong,13030401107
Mokokchung,Changtongya,GPS Awatsung Merangkong,13030401002
Mokokchung,Changtongya,GPS Gate Merangkong,13030401001
Mokokchung,Changtongya,GPS Pongentenem Merangkong,13030401101
Mokokchung,Changtongya,GHSS Tuli,13030401206
Mokokchung,Changtongya,GMS Tuli A,13030401212
Mokokchung,Changtongya,GMS Tuli C,13030401213
Mokokchung,Changtongya,GPS Aopenzu,13030401901
Mokokchung,Changtongya,GPS Longli Lenden,13030401205
Mokokchung,Changtongya,GPS Tuli B,13030401202
Mokokchung,Changtongya,GPS Tuli F,13030401211
Mokokchung,Changtongya,GHS Unger,13030400104
Mokokchung,Changtongya,GMS Akhoya,13030400206
Mokokchung,Changtongya,GPS Longchara,13030400515
Mokokchung,Changtongya,GPS Tzumokong,13030400501
Mokokchung,Changtongya,GHS Yaongyimsen,13030400902
Mokokchung,Changtongya,GPS Alimang Yoangyimsen,13030400802
Mokokchung,Changtongya,GPS Liroyimti,13030402101
Mokokchung,Khensa,GMS Aliba,13030200701
Mokokchung,Khensa,GPS Kinunger,13030200801
Mokokchung,Khensa,GPS Longjongkong,13030200401
Mokokchung,Khensa,GMS Khensa,13030201105
Mokokchung,Khensa,GPS Amenyong,13030201103
Mokokchung,Khensa,GPS Kongrokong,13030201102
Mokokchung,Khensa,GPS Mekuli,13030200501
Mokokchung,Khensa,GHS Longkhum,13030200105
Mokokchung,Khensa,GMS Alichen,13030201004
Mokokchung,Khensa,GPS Longmariju,13030200102
Mokokchung,Khensa,GPS Pongensalang,13030200103
Mokokchung,Khensa,GHS Mangmetong,13030200907
Mokokchung,Khensa,GPS Mangalepden,13030200901
Mokokchung,Khensa,GPS Sungkum,13030200903
Mokokchung,Khensa,GHSS N. I. Jamir,13030200603
Mokokchung,Khensa,GMS Yimyu,13030200602
Mokokchung,Khensa,GMS Sabangya Compound,13030200302
Mokokchung,Khensa,GPS Chungtai B,13030200202
Mokokchung,Khensa,GPS Chungtai C,13030200203
Mokokchung,Kubolong,GMS Longzung,13030301106
Mokokchung,Kubolong,GMS Salulamang,13030301002
Mokokchung,Kubolong,GPS Chuchuyimlang Town,13030301201
Mokokchung,Kubolong,GPS Impang,13030301103
Mokokchung,Kubolong,GPS Mongda,13030301102
Mokokchung,Kubolong,Langpangkong Tsukong GHS Chuchuyimlang,13030301203
Mokokchung,Kubolong,GHS Longjang,13030300605
Mokokchung,Kubolong,GMS Longpa,13030300102
Mokokchung,Kubolong,GPS Imrongriju,13030300603
Mokokchung,Kubolong,GPS Khanimu,13030301801
Mokokchung,Kubolong,GPS Longjang Compound,13030300608
Mokokchung,Kubolong,GHS Yimsemyong,13030301403
Mokokchung,Kubolong,GPS Imrongtema,13030301302
Mokokchung,Kubolong,GPS Shitilong,13030301303
Mokokchung,Kubolong,Subong GHS Mongsenyimti,13030301306
Mokokchung,Kubolong,GHS Kubolong,13030300202
Mokokchung,Kubolong,GPS Chami,13030300501
Mokokchung,Kubolong,GPS Mangkolong,13030300404
Mokokchung,Kubolong,GPS Mopungchuket B,13030300402
Mokokchung,Kubolong,Yajen Aier GHS Mopungchuket,13030300403
Mokokchung,Kubolong,GHS Phangsang,13030300702
Mokokchung,Kubolong,GMS Longkong,13030301502
Mokokchung,Kubolong,GMS Salukong Chakpa,13030301603
Mokokchung,Kubolong,GMS Yaongyimti New,13030300902
Mokokchung,Kubolong,GPS Chakpa A,13030301604
Mokokchung,Kubolong,GPS Yaongyimti Old,13030300801
Mokokchung,Kubolong,GHS Sungratsu,13030300304
Mokokchung,Kubolong,GPS Alongmen,13030300301
Mokokchung,Kubolong,GPS Yimchalu,13030301701
Mokokchung,Mangkolemba,GHS Alongkima,13030500702
Mokokchung,Mangkolemba,GMS Waromung Compound,13030500804
Mokokchung,Mangkolemba,GMS Yimjenkimong,13030500902
Mokokchung,Mangkolemba,GPS Yimrongmen,13030500801
Mokokchung,Mangkolemba,GPS Yimsenkiong,13030500802
Mokokchung,Mangkolemba,GHS Alongtaki,13030503402
Mokokchung,Mangkolemba,GPS Japu,13030501501
Mokokchung,Mangkolemba,GPS Longjemdang,13030501401
Mokokchung,Mangkolemba,GHS Changki,13030500105
Mokokchung,Mangkolemba,GPS Sangpangmen,13030500130
Mokokchung,Mangkolemba,GPS Aodang,13030500104
Mokokchung,Mangkolemba,GPS Tekongkulem,13030500103
Mokokchung,Mangkolemba,GHS Dibuia,13030500605
Mokokchung,Mangkolemba,GMS Mongchen,13030500502
Mokokchung,Mangkolemba,GPS Dibuia,13030500603
Mokokchung,Mangkolemba,GHS Atu Mepu Khar,13030500405
Mokokchung,Mangkolemba,GMS Chungliyimsen,13030500302
Mokokchung,Mangkolemba,GPS Imrongmen,13030500401
Mokokchung,Mangkolemba,GPS Tongpangriju,13030500404
Mokokchung,Mangkolemba,GHS Longchem,13030503702
Mokokchung,Mangkolemba,GHS Noklangsangba,13030504002
Mokokchung,Mangkolemba,GMS Aonokpu,13030503603
Mokokchung,Mangkolemba,GPS Longchem,13030503701
Mokokchung,Mangkolemba,GHSS Mangkolemba II,13030503206
Mokokchung,Mangkolemba,GMS Mangkolemba II,13030503212
Mokokchung,Mangkolemba,GPS Imsenchang,13030503202
Mokokchung,Mangkolemba,GPS Mangkolemba III,13030503204
Mokokchung,Mangkolemba,GPS Mangkolemba IV,13030503205
Mokokchung,Mangkolemba,GHS Mulongkimong,13030501003
Mokokchung,Mangkolemba,GPS Aonglenden,13030501001
Mokokchung,Mangkolemba,GPS Pongentenem,13030501002
Mokokchung,Mangkolemba,GHS Mulongyimsen,13030501103
Mokokchung,Mangkolemba,GMS Mary Mead Luyong,13030501110
Mokokchung,Mangkolemba,GPS Lidang,13030501102
Mokokchung,Mangkolemba,GPS Rongpang,13030501101
Mokokchung,Mangkolemba,GMS Changdang,13030503502
Mokokchung,Mangkolemba,GMS Nokpu,13030503803
Mokokchung,Mangkolemba,GPS Lakhuni,13030503301
Mokokchung,Mokokchung Village,GHS Dilong,13030101401
Mokokchung,Mokokchung Village,GMS Alempang,13030102303
Mokokchung,Mokokchung Village,GMS Salangtem,13030101804
Mokokchung,Mokokchung Village,GMS Tongdentsuyong,13030102403
Mokokchung,Mokokchung Village,GPS Kichutip,13030102201
Mokokchung,Mokokchung Village,GHS Imzuluba Longsa,13030100706
Mokokchung,Mokokchung Village,GMS Imnatsungda,13030100709
Mokokchung,Mokokchung Village,GPS Chubayimkum,13030100901
Mokokchung,Mokokchung Village,GPS Longmenden,13030100702
Mokokchung,Mokokchung Village,GHS Longmisa,13030100505
Mokokchung,Mokokchung Village,GPS Jangjang,13030100504
Mokokchung,Mokokchung Village,GPS Longmisa Old,13030100503
Mokokchung,Mokokchung Village,GPS Meyilong,13030100801
Mokokchung,Mokokchung Village,GPS Moalenden,13030101201
Mokokchung,Mokokchung Village,GMS Kumlong,13030102703
Mokokchung,Mokokchung Village,GMS Mokokchung Town,13030102602
Mokokchung,Mokokchung Village,GMS Pongentola,13030101601
Mokokchung,Mokokchung Village,GMS Senkalemba,13030102606
Mokokchung,Mokokchung Village,GPS Mongsenbai,13030104501
Mokokchung,Mokokchung Village,Mayangnokcha GHSS,13030102701
Mokokchung,Mokokchung Village,GHS Chuchuyimpang,13030100603
Mokokchung,Mokokchung Village,GHS Mokokchung Villlage,13030100205
Mokokchung,Mokokchung Village,GMS Alisungkum,13030101502
Mokokchung,Mokokchung Village,GMS Sungkomen,13030102502
Mokokchung,Mokokchung Village,GPS Alidongdong,13030100601
Mokokchung,Mokokchung Village,GPS Arjuma,13030100201
Mokokchung,Mokokchung Village,GPS New Police Reserve,13030100606
Mokokchung,Mokokchung Village,GPS Yimtsungda,13030100202
Mokokchung,Mokokchung Village,GHS Sumi,13030101906
Mokokchung,Mokokchung Village,GMS Ab Sector,13030102803
Mokokchung,Mokokchung Village,GMS Artang,13030101706
Mokokchung,Mokokchung Village,GPS Lijaba Lijen,13030104601
Mokokchung,Mokokchung Village,GPS Medical,13030101901
Mokokchung,Mokokchung Village,GMS Imrong,13030100408
Mokokchung,Mokokchung Village,GMS Kubza,13030101102
Mokokchung,Mokokchung Village,GMS Marepkong,13030102004
Mokokchung,Mokokchung Village,GMS Settsu,13030100302
Mokokchung,Mokokchung Village,GPS Liden,13030100409
Mokokchung,Mokokchung Village,GPS Mangkusong,13030100401
Mokokchung,Mokokchung Village,GPS Ungma Old,13030100402
Mokokchung,Mokokchung Village,Senayangba GHSS,13030100405
Mokokchung,Watiyim,GPS Aokum,13030601601
Mokokchung,Watiyim,GPS Aosenden,13030601701
Mokokchung,Watiyim,GPS Aosungkum,13030601801
Mokokchung,Watiyim,GPS Vikuto,13034100003
Mokokchung,Watiyim,GMS Chungtiayimsen,13030601102
Mokokchung,Watiyim,GMS Moayimti,13030601502
Mokokchung,Watiyim,GPS Medemyim,13030601201
Mokokchung,Watiyim,GPS Longtho,13030602701
Mokokchung,Watiyim,GMS Merayim,13030602503
Mokokchung,Watiyim,GPS Nec Farm,13030602901
Mokokchung,Watiyim,GPS Nokon,13030602801
Mokokchung,Watiyim,GPS Satsukba,13030600301
Mokokchung,Watiyim,GHS Saring,13030601901
Mokokchung,Watiyim,GPS Aonokpu yimsen,13030602601
Mokokchung,Watiyim,GMS Tsuremmen,13030602002
Mokokchung,Watiyim,GPS Akumen,13030602101
Mokokchung,Watiyim,GPS Puneboto,13030600901
Mokokchung,Watiyim,GPS Shihapumi,13030600401
Mokokchung,Watiyim,GPS Zuxushi,13030600601
Mokokchung,Watiyim,GHS Tsurangkong,13030600102
Mokokchung,Watiyim,GMS Longpayimsen,13030601006
Mokokchung,Watiyim,GPS Atuphumi,13030600201
Mokokchung,Watiyim,GPS Watiyim,13030600104
Mokokchung,Watiyim,GHS Yajang C,13030602403
Mokokchung,Watiyim,GMS Yajang A,13030602202
Mokokchung,Watiyim,GPS Yajang B,13030602301
Mon,Aboi,GHSS Aboi Town,13010402301
Mon,Aboi,GMS Aboi Town,13010402302
Mon,Aboi,GPS Aboi Town A,13010401101
Mon,Aboi,GPS Aboi Town B,13010401108
Mon,Aboi,GPS Aboi Town D,13010401110
Mon,Aboi,GMS Ngangching,13010401403
Mon,Aboi,GHS Angjangyang,13010402106
Mon,Aboi,GPS Angjangyang,13010402103
Mon,Aboi,GMS Angphang,13010401801
Mon,Aboi,GPS Angphang A,13010401802
Mon,Aboi,GPS Angphang B,13010401803
Mon,Aboi,GPS Aopao Changle,13010403401
Mon,Aboi,GPS Aopao,13010401501
Mon,Aboi,GPS Changlang,13010401703
Mon,Aboi,GPS Changlang B,13010401702
Mon,Aboi,GMS Chaoha Chingnyu,13010400801
Mon,Aboi,GPS Chaoha Chinglen,13010400901
Mon,Aboi,GPS Chaoha Chingnyu B,13010400803
Mon,Aboi,GPS Chaoha Tonko,13010400804
Mon,Aboi,GHS Chen,13010400102
Mon,Aboi,GPS Chen Town,13010400101
Mon,Aboi,GMS Choknyu,13010401002
Mon,Aboi,GHS Chenloisho,13010400301
Mon,Aboi,GPS Chenloisho A,13010400302
Mon,Aboi,GPS Chenloisho B,13010400303
Mon,Aboi,GPS Chenloisho C,13010400304
Mon,Aboi,GPS Chenloisho D Hozu,13010403001
Mon,Aboi,GPS Chenloisho Longkhao E,13010403101
Mon,Aboi,GMS Chenmoho,13010400401
Mon,Aboi,GPS Chenmoho Bohlo,13010400405
Mon,Aboi,GPS Chenmoho Hahkhi,13010403301
Mon,Aboi,GPS Chenmoho Motok,13010400402
Mon,Aboi,GPS Chen Wetnyu Koisho,13010403201
Mon,Aboi,GMS Chen Wetnyu A,13010400206
Mon,Aboi,GPS Chen Wetnyu A,13010400201
Mon,Aboi,GHS Chingnyu,13010400606
Mon,Aboi,GPS Chingnyu A,13010400602
Mon,Aboi,GPS Chingnyu B,13010400603
Mon,Aboi,GPS Chingpong,13010403601
Mon,Aboi,GPS Nyaho,13010400604
Mon,Aboi,GMS Chingkao Chingha,13010400703
Mon,Aboi,GPS Chingkao Chingha Watok,13010400702
Mon,Aboi,GMS Chinglong,13010401201
Mon,Aboi,GPS Chinglong B,13010401204
Mon,Aboi,GMS Jakphang,13010401901
Mon,Aboi,GPS Jakphang A,13010401902
Mon,Aboi,GPS Jakphang B,13010401903
Mon,Aboi,GMS Langmeing A,13010401301
Mon,Aboi,GPS Langmeing B,13010401303
Mon,Aboi,GHS Longching,13010402003
Mon,Aboi,GPS Longching A,13010402001
Mon,Aboi,GPS Longching B,13010402002
Mon,Aboi,GPS Longching Hq,13010402801
Mon,Aboi,GPS Mohung,13010402201
Mon,Aboi,GPS Mohung Changai,13010403501
Mon,Aboi,GMS Sowa,13010401605
Mon,Aboi,GPS Sowa Changle,13010402701
Mon,Aboi,GMS Wangti,13010400501
Mon,Aboi,GPS Langsai Wangti,13010402901
Mon,Aboi,GPS Wangti,13010400502
Mon,Mon,GMS Chi,13010701402
Mon,Mon,GMS Leangha,13010701303
Mon,Mon,GPS Guhching,13010701501
Mon,Mon,GMS Hongphoi,13010700601
Mon,Mon,GPS Hongphoi,13010700602
Mon,Mon,GMS Wangla,13010701202
Mon,Mon,GMS Leangnyu,13010701702
Mon,Mon,GPS Leangnyu Chingla,13010707401
Mon,Mon,GMS Longkei,13010700701
Mon,Mon,GMS Pongkong,13010700501
Mon,Mon,GMS Longwa,13010703801
Mon,Mon,GPS Longwa,13010703802
Mon,Mon,GPS Longwa Wasa,13010704501
Mon,Mon,GMS Longzang,13010703502
Mon,Mon,GPS Pukha,13010703401
Mon,Mon,GPS Wetting,13010703601
Mon,Mon,GHSS Mon,13010705823
Mon,Mon,GMS Mon Town A,13010705831
Mon,Mon,GPS Papong Mon Town,13010705804
Mon,Mon,GPS Mon Town B,13010705802
Mon,Mon,"GPS Shamnyu Ward, Mon Town",13010705837
Mon,Mon,"GPS Tompang Ward, Mon Town",13010705838
Mon,Mon,GHSS Mon Town C,13010705833
Mon,Mon,GPS Mon Town C,13010705803
Mon,Mon,GHSS Mon Town D,13010705834
Mon,Mon,GMS Mon Town D,13010705828
Mon,Mon,"GPS Jahjon Ward, Mon Town",13010705836
Mon,Mon,GHS Mon Village,13010700904
Mon,Mon,GPS Mon Village,13010700902
Mon,Mon,GHS Phomching,13010703101
Mon,Mon,GPS Phomching,13010703104
Mon,Mon,GMS Nyahnyu,13010703702
Mon,Mon,GMS Lampong Sheanghah,13010701603
Mon,Mon,GMS Phuktong,13010700401
Mon,Mon,GPS Tuimei,13010701802
Mon,Mon,GHS Shangnyu,13010701101
Mon,Mon,GPS Longphaoh,13010701901
Mon,Mon,GPS Shangnyu,13010701102
Mon,Mon,GMS Nyasa,13010703302
Mon,Mon,GPS Shangnyu Hq.,13010701104
Mon,Mon,GMS Sheanghah Chingnyu,13010704101
Mon,Mon,GMS Longshen,13010703202
Mon,Mon,GMS Sheanghah Wamsa,13010703904
Mon,Mon,GMS Sheanghah Tangten,13010704001
Mon,Mon,GMS Sheanghah Mokok,13010704202
Mon,Mon,GMS Yuching,13010702301
Mon,Mon,GMS Tangnyu,13010701001
Mon,Mon,GPS Tangnyu B,13010701003
Mon,Mon,GHS Totok Chingnyu,13010700104
Mon,Mon,GPS Totok Chingnyu A,13010700102
Mon,Mon,GPS Totok Chingnyu B,13010700103
Mon,Mon,GMS Totok Chingha,13010700302
Mon,Mon,GMS Totok Chingkho,13010700201
Mon,Tizit,GHS Jaboka,13010200204
Mon,Tizit,GPS Jaboka A,13010200203
Mon,Tizit,GPS Jaboka B,13010200202
Mon,Tizit,GPS Neitong,13010201401
Mon,Tizit,GPS Old Jaboka,13010202801
Mon,Tizit,GPS Yanpan,13010201501
Mon,Tizit,GMS Loakho,13010201202
Mon,Tizit,GPS Hunta Hq.,13010203601
Mon,Tizit,GHS Loakkun,13010200501
Mon,Tizit,GMS Nokzang,13010201304
Mon,Tizit,GPS Loakhun,13010200502
Mon,Tizit,GPS Tingalibam,13010201601
Mon,Tizit,GMS Oting,13010200602
Mon,Tizit,GPS Longlam,13010202301
Mon,Tizit,GMS Lapa,13010201902
Mon,Tizit,GMS Lapa Lampong,13010200802
Mon,Tizit,GHSS Tizit,13010200703
Mon,Tizit,GMS Tizit Town B,13010200715
Mon,Tizit,GPS Tizit Town A,13010200701
Mon,Tizit,GPS Olea Shangsa,13010203301
Mon,Tizit,GPS Phuktong Tingsa,13010203701
Mon,Tizit,GPS Nangtan,13010202401
Mon,Tizit,GMS Shangsa,13010200301
Mon,Tizit,GPS Tela,13010201701
Mon,Tizit,GHS Tizit Village,13010200407
Mon,Tizit,GPS Monlem Sector,13010200402
Mon,Tizit,GPS Tekang,13010203102
Mon,Tizit,GPS Tizit Village,13010200403
Mon,Tizit,GMS Zakho,13010201002
Mon,Tizit,GPS Ngangthing,13010200901
Mon,Tizit,GMS Yannyu,13010202101
Mon,Tizit,GPS Longting,13010201101
Mon,Tizit,GPS Yannyu,13010202102
Mon,Tizit,GMS Nokyan,13010202602
Mon,Tizit,GMS Zangkham,13010202001
Mon,Tizit,GPS Zangkham Tingsa,13010202901
Mon,Tobu,GHS Bumei,13010100802
Mon,Tobu,GMS Changlangshu C,13010100705
Mon,Tobu,GPS Bumei,13010100801
Mon,Tobu,GPS Changlangshu A,13010100701
Mon,Tobu,GPS Changlangshu B,13010100702
Mon,Tobu,GPS Changlangshu Changsa,13010102302
Mon,Tobu,GPS Mienchangle,13010101701
Mon,Tobu,GMS Monyakshu,13010100907
Mon,Tobu,GPS Monyakshu A,13010100901
Mon,Tobu,GPS Monyakshu B,13010100902
Mon,Tobu,GPS Monyakshu C,13010100904
Mon,Tobu,GPS Monyakshu D,13010100906
Mon,Tobu,GPS Monyakshu Hq,13010101801
Mon,Tobu,GHS Mopong,13010101501
Mon,Tobu,GMS Yakshu A,13010100203
Mon,Tobu,GPS Yakshu B,13010100202
Mon,Tobu,GPS Yakshu Changle,13010102701
Mon,Tobu,GMS Pessao,13010101601
Mon,Tobu,GPS Pessao B,13010101602
Mon,Tobu,GPS Pessao C,13010101603
Mon,Tobu,GPS Pessao Changlu,13010101901
Mon,Tobu,GMS Shamnyu A,13010101203
Mon,Tobu,GPS Shamnyu B,13010101202
Mon,Tobu,GPS Wangshu Changle,13010102201
Mon,Tobu,GMS Tamkong,13010101103
Mon,Tobu,GPS Tamkoang B,13010101105
Mon,Tobu,GPS Tobu Station,13010101401
Mon,Tobu,GHSS Tobu Town,13010101402
Mon,Tobu,GMS Tobu Village A,13010101307
Mon,Tobu,GPS Kapjangyeang,13010102801
Mon,Tobu,GPS Tobu Town B,13010101406
Mon,Tobu,GPS Tobu Village C,13010101305
Mon,Tobu,GMS Ukha A,13010100104
Mon,Tobu,GPS Ukha B,13010100102
Mon,Tobu,GPS Changkhong,13010102401
Mon,Tobu,GMS Kenchenshu,13010100301
Mon,Tobu,GMS Yonghong,13010100503
Mon,Tobu,GPS Changnyu,13010100401
Mon,Tobu,GPS Yei,13010100601
Mon,Tobu,GPS Yonghong A,13010100501
Mon,Tobu,GPS Yonghong B,13010100502
Mon,Tobu,GMS Yongkhao,13010101001
Mon,Tobu,GPS Yongkhao B,13010101002
Mon,Tobu,GPS Shinnyu,13010102001
Mon,Wakching,GMS Chingdang,13010800202
Mon,Wakching,GPS Chingdang,13010800201
Mon,Wakching,GMS Kongan,13010800704
Mon,Wakching,GPS Kongan A,13010800701
Mon,Wakching,GHSS Naginimora,13010800804
Mon,Wakching,GPS B Naginimora,13010800802
Mon,Wakching,GPS Borjan,13010801101
Mon,Wakching,GMS Naginimora,13010800811
Mon,Wakching,GPS A Naginimora,13010800801
Mon,Wakching,GPS Hotahoti,13010800901
Mon,Wakching,GPS Namthai,13010801001
Mon,Wakching,GPS Upper Namthai,13010801601
Mon,Wakching,GMS Upper Tiru,13010801201
Mon,Wakching,GPS Lower Tiru,13010801301
Mon,Wakching,GPS Wapnyu,13010801901
Mon,Wakching,GPS Wakching Town,13010800506
Mon,Wakching,GHS Wakching,13010800505
Mon,Wakching,GPS Wakching A,13010800501
Mon,Wakching,GPS Wakching Chingla,13010801501
Mon,Wakching,GMS Wakching,13010800510
Mon,Wakching,GMS Shiyong,13010800403
Mon,Wakching,GMS Tanhai,13010800101
Mon,Wakching,GPS Wanching B,13010800603
Mon,Wakching,GMS Wanching,13010800601
Mon,Wakching,GPS Yongmouh,13010801701
Mon,Wakching,GMS Chingphoi,13010800302
Niuland,Niuland,GHS Aghunaqa,13060407901
Niuland,Niuland,GMS Hukhai,13060400602
Niuland,Niuland,GMS Nikihe,13060410602
Niuland,Niuland,GMS Zhekishe,13060406802
Niuland,Niuland,GMS Zutoi,13060406003
Niuland,Niuland,GPS Izhevi,13060401201
Niuland,Niuland,GPS Khutovi,13060406201
Niuland,Niuland,GPS R Hovishe,13060405001
Niuland,Niuland,GPS Tokishe,13060402101
Niuland,Niuland,GPS Vikheto,13060404101
Niuland,Niuland,GMS S Hetoi,13060409202
Niuland,Niuland,GPS Khehoyi,13060407201
Niuland,Niuland,GPS Nihokhu,13060403401
Niuland,Niuland,GPS Toshiho,13060407101
Niuland,Niuland,GMS Khehuto,13060405702
Niuland,Niuland,GMS P. Husto,13060408702
Niuland,Niuland,GMS Yehokhu,13060408302
Niuland,Niuland,GPS Ahoto,13060402701
Niuland,Niuland,GPS Akito,13060410901
Niuland,Niuland,GPS Lukuto,13060400101
Niuland,Niuland,GPS Phuhoto,13060401001
Niuland,Niuland,GPS Zhexuche,13060404301
Niuland,Niuland,GMS Hevikhe,13060402003
Niuland,Niuland,GMS Kiyezu A,13060405202
Niuland,Niuland,GPS Ghoshito,13060408201
Niuland,Niuland,GPS Hozheto,13060410201
Niuland,Niuland,GPS Kikheyi,13060403201
Niuland,Niuland,GPS Kiyezu B,13060403701
Niuland,Niuland,GHS Nito,13060407603
Niuland,Niuland,GMS Ghokuto,13060409402
Niuland,Niuland,GMS Haqhizhe,13060408503
Niuland,Niuland,GMS Nikhekhu,13060402202
Niuland,Niuland,GPS Hozukhe,13060404201
Niuland,Niuland,GPS Sukhato,13060409501
Niuland,Niuland,GPS Yeveto,13060401401
Niuland,Niuland,GPS Anghjong,13060411001
Niuland,Niuland,GPS Ahozhe,13060410701
Niuland,Niuland,GPS K Hetoi,13060407301
Niuland,Niuland,GMS Nitozu,13060402902
Niuland,Niuland,GPS Aoyimchen,13060409701
Niuland,Niuland,GPS Hevuxu,13060410301
Niuland,Niuland,GPS L Vihoto,13060400901
Niuland,Niuland,GPS Luhezhe,13060409001
Niuland,Niuland,GPS Ngamjalam,13060410501
Niuland,Niuland,GPS Shiwoto,13060401101
Niuland,Niuland,GPS Shokhevi,13060409301
Niuland,Niuland,GHSS Niuland,13060408001
Niuland,Niuland,GMS Kuhoxu,13060400803
Niuland,Niuland,GMS Niuland Town,13060408404
Niuland,Niuland,GPS Ghotovi,13060403101
Niuland,Niuland,GPS Hovishe,13060402801
Niuland,Niuland,GPS Viyito,13060401301
Niuland,Niuland,GPS Kitohe,13060410401
Niuland,Niuland,GPS Nguvihe,13060211101
Niuland,Niuland,GMS Mughavi,13060409102
Niuland,Niuland,GMS Nikikhe,13060405402
Niuland,Niuland,GMS Pihekhu,13060405602
Niuland,Niuland,GMS Xukhuvi,13060404602
Niuland,Niuland,GPS Luhevi,13060403901
Niuland,Niuland,GPS P Vihoto,13060406101
Niuland,Niuland,GPS Qhuhoi,13060406501
Niuland,Niuland,GPS Tohoi,13060408101
Niuland,Niuland,GPS Yetoho,13060401701
Niuland,Niuland,GMS Homeland,13060407501
Niuland,Niuland,GMS Sunito,13060403502
Niuland,Niuland,GMS Tokugha,13060403302
Niuland,Niuland,GMS Vishiyi,13060401902
Niuland,Niuland,GMS Zaka,13060407701
Niuland,Niuland,GHS Zuheshe,13060407402
Niuland,Niuland,GMS Hezulho,13060410002
Niuland,Niuland,GPS Henito,13060401801
Niuland,Niuland,GPS Hezheto,13060410801
Niuland,Niuland,GPS Hovukhu,13060401601
Noklak,Noklak,GHS Chipur,13020504403
Noklak,Noklak,GPS Kingjung,13020503201
Noklak,Noklak,GPS Pang,13020503001
Noklak,Noklak,GPS Thongsungyu,13020502901
Noklak,Noklak,GPS Wui,13020503101
Noklak,Noklak,GMS Choklangan,13020501101
Noklak,Noklak,GPS Aniashu,13020501001
Noklak,Noklak,GPS Kingpao,13020503601
Noklak,Noklak,GMS Nokhu Village,13020500201
Noklak,Noklak,GPS Kingniu,13020501301
Noklak,Noklak,GPS Langnok,13020500901
Noklak,Noklak,GMS Nokyan A,13020500501
Noklak,Noklak,GHS Noklak Village,13020500304
Noklak,Noklak,GHSS Noklak Town,13020500402
Noklak,Noklak,GHS Noklak Station,13020500410
Noklak,Noklak,GPS Kusong,13020504001
Noklak,Noklak,GPS Noklak Hq,13020500411
Noklak,Noklak,GPS Noklak Village,13020500301
Noklak,Noklak,GPS Nokyan B,13020504101
Noklak,Noklak,GMS Pansha New,13020500702
Noklak,Noklak,GPS Dan Itc,13020500103
Noklak,Noklak,GPS Pangsha Old,13020500601
Noklak,Noklak,GPS Wonthoi,13020500801
Noklak,Noklak,GHS Panso Town,13020504304
Noklak,Noklak,GMS Pathso Noking,13020503901
Noklak,Noklak,GMS Tsuwao,13020501502
Noklak,Noklak,GPS Ekhao,13020504201
Noklak,Noklak,GMS Lengnyu,13020501401
Noklak,Noklak,GPS Panso Town,13020504303
Noklak,Noklak,GPS Pathso,13020503801
Noklak,Noklak,GPS Yokao,13020501601
Noklak,Noklak,GHS Peshu,13020502501
Noklak,Noklak,GMS Sanglao,13020502401
Noklak,Noklak,GPS New Peshu,13020502503
Noklak,Noklak,GPS New Sanglao,13020504501
Noklak,Noklak,GHS Thonoknyu,13020502704
Noklak,Noklak,GPS Chilliso,13020502601
Noklak,Noklak,GPS Thoktsur,13020502801
Noklak,Noklak,GPS Thonoknyu A,13020503402
Noklak,Noklak,GPS Thonoknyu B,13020503403
Peren,Ahthibung,GHSS Athibung,13110700602
Peren,Ahthibung,GMS Athibung,13110700601
Peren,Ahthibung,GMS Inbung,13110700201
Peren,Ahthibung,GPS Athibung Town,13110700605
Peren,Ahthibung,GPS Beisumpuiram,13110703201
Peren,Ahthibung,GPS Old Beisumpui,13110702601
Peren,Ahthibung,GPS Old Chalkot,13110700701
Peren,Ahthibung,GPS Songlhuh,13110701301
Peren,Ahthibung,GHS Bongkolong,13110701202
Peren,Ahthibung,GMS New Beisumpui,13110702202
Peren,Ahthibung,GMS Peilhang,13110701001
Peren,Ahthibung,GMS Ikiesingram,13110702501
Peren,Ahthibung,GMS Khelma,13110700406
Peren,Ahthibung,GMS New Nkio,13110701501
Peren,Ahthibung,GPS New Ngaulong,13110702401
Peren,Ahthibung,GPS New Soget,13110701801
Peren,Ahthibung,GPS Nkio B,13110701601
Peren,Ahthibung,GPS Nsenlo,13110702301
Peren,Ahthibung,GPS Sailhem,13110701401
Peren,Ahthibung,GHS Lilen,13110700303
Peren,Ahthibung,GMS Vongkithem,13110700801
Peren,Ahthibung,GPS Phaijol,13110700101
Peren,Ahthibung,GMS New Chalkot,13110701101
Peren,Ahthibung,GMS Phanjang,13110700501
Peren,Ahthibung,GMS Saijang,13110700901
Peren,Ahthibung,GPS Lilen B,13110703401
Peren,Ahthibung,GPS Saijang Irb,13110703301
Peren,Ahthibung,GMS Old Soget,13110701901
Peren,Ahthibung,GPS Beisamlwa,13110703601
Peren,Ahthibung,GPS Beisumpuilwa,13110703101
Peren,Ahthibung,GPS Beisumpuizangdi,13110703001
Peren,Ahthibung,GPS Songngou,13110702101
Peren,Ahthibung,GPS Sinjol A Lower,13110701701
Peren,Peren,GHS Beisumpuikam,13110507602
Peren,Peren,GMS Jalukie Zandi,13110502101
Peren,Peren,GPS Jalukiekam,13110506601
Peren,Peren,GHS Mhaikam,13110502002
Peren,Peren,GPS Jalukie Ram,13110507901
Peren,Peren,GPS Libemphai,13110508601
Peren,Peren,GMS Benreu,13110505101
Peren,Peren,GPS Benreu,13110505102
Peren,Peren,GPS Pedi,13110505501
Peren,Peren,GMS Ndunglwa,13110503701
Peren,Peren,GHS Dc Colony Peren Town,13110504403
Peren,Peren,GMS Keletzai,13110504407
Peren,Peren,GPS Peletkie,13110505201
Peren,Peren,GPS Old Jalukie,13110508001
Peren,Peren,GHS Dungki,13110504801
Peren,Peren,GPS Dungki,13110504804
Peren,Peren,GPS Deukwaram,13110505801
Peren,Peren,GPS Lamhai,13110502301
Peren,Peren,GMS Gaili,13110504301
Peren,Peren,GPS Gaili,13110504302
Peren,Peren,GPS Lower Gaili,13110508501
Peren,Peren,GPS Kiyevi,13110503501
Peren,Peren,GHS Heningkunglwa,13110507304
Peren,Peren,GMS Heningkunglwa C,13110507303
Peren,Peren,GPS Heningkunglwa A,13110507301
Peren,Peren,GPS Heningkunglwa B,13110507302
Peren,Peren,GMS Nkwareu,13110500201
Peren,Peren,GMS Sector A Jalukie,13110500302
Peren,Peren,GPS New Jalukie,13110505901
Peren,Peren,GHS Jalukie B,13110507005
Peren,Peren,GMS Old Jalukie Lower,13110506901
Peren,Peren,GMS Kejanglwa,13110504101
Peren,Peren,GPS New Peren,13110505701
Peren,Peren,GPS Jalukie Town Sector C,13110500311
Peren,Peren,GHS Mhainamtsi,13110501403
Peren,Peren,GHSS Jalukie Town,13110500301
Peren,Peren,GMS Samzuiram A,13110501701
Peren,Peren,GMS Samzuiram C,13110501703
Peren,Peren,GPS Samzuiram B,13110501702
Peren,Peren,GPS Jalukie B Block A,13110507006
Peren,Peren,GMS Jalukie Sector B,13110500303
Peren,Peren,GMS Jalukielo,13110507801
Peren,Peren,GPS Jalukie Sangtam,13110508401
Peren,Peren,GPS Old Jalukie Upper,13110506801
Peren,Peren,GHS Ngwalwa,13110503101
Peren,Peren,GPS Ngwalwa,13110503104
Peren,Peren,GPS Ngwalwa Forest Gate,13110503102
Peren,Peren,GPS Ngwalwa Town,13110503105
Peren,Peren,GPS Peren Kipeuzang,13110503401
Peren,Peren,GPS Peren Village,13110503801
Peren,Peren,GHSS Peren Town,13110504401
Peren,Peren,GMS Peren Town,13110504402
Peren,Peren,GPS Bana Colony,13110504406
Peren,Peren,GMS Piolwa,13110504902
Peren,Peren,GPS Poilwa Namchi,13110505002
Peren,Peren,GPS Poilwa Old,13110504901
Peren,Peren,GPS Helagim,13110508101
Peren,Peren,GPS Heunambe,13110508201
Peren,Peren,GMS New Puilwa,13110505401
Peren,Peren,GPS Puilwa,13110505301
Peren,Peren,GMS Mpai New,13110507702
Peren,Peren,GPS Mpai,13110505601
Peren,Peren,GPS Punglwa B,13110503301
Peren,Peren,GMS Punglwa,13110502502
Peren,Tening,GHS Azailong,13110600502
Peren,Tening,GPS Nchangram,13110600701
Peren,Tening,GPS Nkialwa,13110600301
Peren,Tening,GPS Mbaupungwa,13110600601
Peren,Tening,GPS Heiranglwa,13110600401
Peren,Tening,GHS Mbaulwa,13110600202
Peren,Tening,GMS Old Tesen,13110600101
Peren,Tening,GPS New Tesen,13110602901
Peren,Tening,GPS Mbaupungchi,13110603301
Peren,Tening,GPS Nkio Old,13110602401
Peren,Tening,GPS Sinjol Upper,13110603201
Peren,Tening,GPS Lalong,13110602801
Peren,Tening,GPS Ngam,13110602601
Peren,Tening,GPS Nzauna,13110602302
Peren,Tening,GPS Bamsiakilwa,13110602701
Peren,Tening,GPS Ngaulong Luadi,13110603401
Peren,Tening,GPS Ngaulong,13110601901
Peren,Tening,GHS Nsong,13110601606
Peren,Tening,GPS Nchan,13110601701
Peren,Tening,GPS Nsong Village,13110601501
Peren,Tening,GMS Ntu,13110601302
Peren,Tening,GPS Nzau Village,13110601101
Peren,Tening,GPS Nzau Namsan,13110602501
Peren,Tening,GPS Tepun,13110601201
Peren,Tening,GHSS Tening Town,13110600802
Peren,Tening,GPS Christian Village Tening,13110600902
Peren,Tening,GPS Tening Village,13110600901
Phek,Chozuba,GHS Chesezu,13080401701
Phek,Chozuba,GPS Chesezu Basa,13080401703
Phek,Chozuba,GPS Chesezu Bawe,13080401702
Phek,Chozuba,GHS Cheteba,13080402101
Phek,Chozuba,GPS Cheteba,13080402102
Phek,Chozuba,GMS Thenyizu,13080400903
Phek,Chozuba,GHSS Chozuba Town,13080401301
Phek,Chozuba,GMS Chozuba Town A,13080401302
Phek,Chozuba,GPS Chozuba Town B Rikhuba,13080401303
Phek,Chozuba,GHS Dzhulhami,13080401801
Phek,Chozuba,GPS Dzhulha B,13080401805
Phek,Chozuba,GHS Japan Riba,13080401601
Phek,Chozuba,GMS Runguzu Nasa,13080401402
Phek,Chozuba,GPS Chozuba Village A,13080401602
Phek,Chozuba,GPS Chozuba Village B,13080401603
Phek,Chozuba,GPS Runguzu New,13080401401
Phek,Chozuba,GHS Khulazu Basa,13080402001
Phek,Chozuba,GMS Khulazu Bawe,13080401901
Phek,Chozuba,GPS Khulazu Basa A,13080402003
Phek,Chozuba,GPS Khulazu Basa B,13080402005
Phek,Chozuba,GPS Khulazu Bawe,13080401903
Phek,Chozuba,GPS Phuyoba,13080402303
Phek,Chozuba,GPS Chozu Nasa,13080401606
Phek,Chozuba,GPS Khusomi,13080400401
Phek,Chozuba,GPS Runguzu Old,13080400202
Phek,Chozuba,GMS Runguzu Old,13080400201
Phek,Chozuba,GMS Ruzazho,13080401001
Phek,Chozuba,GPS Ruzazho,13080401002
Phek,Chozuba,GPS Ruzazho New,13080401005
Phek,Chozuba,GMS Sekruzu,13080400601
Phek,Chozuba,GPS Khutsami,13080400501
Phek,Chozuba,GPS Thurutsuswu,13080400101
Phek,Chozuba,GHS Phugi,13080401502
Phek,Chozuba,GMS Suthozu Nawe,13080400701
Phek,Chozuba,GPS Suthozu Nasa,13080400301
Phek,Chozuba,GPS Suthozu Nawe,13080400704
Phek,Chozuba,GHS Thipuzu,13080401205
Phek,Chozuba,GPS Rihuba,13080401206
Phek,Chozuba,GPS Thipuzu A,13080401202
Phek,Chozuba,GHS Thuvopisu,13080400801
Phek,Chozuba,GPS Thuvopisu A,13080400802
Phek,Chozuba,GPS Velhuba Thuvopisu,13080400805
Phek,Chozuba,GHS Yoruba,13080401102
Phek,Chozuba,GMS Yoruba A,13080401101
Phek,Chozuba,GPS Vutabazu Yoruba,13080401106
Phek,Meluri,GHS Akhewgwo,13080302302
Phek,Meluri,GMS Kukegwo,13080302502
Phek,Meluri,GPS Akhegwo,13080302301
Phek,Meluri,GPS Akhegwo M. Khel,13080302306
Phek,Meluri,GPS N Akhegwo,13080302303
Phek,Meluri,GHS Kamaleah,13080301802
Phek,Meluri,GMS Mathikru,13080300602
Phek,Meluri,GHS Kanjang,13080300102
Phek,Meluri,GMS Reguri,13080302403
Phek,Meluri,GPS Akhen,13080302801
Phek,Meluri,GHSS Meluri Town,13080302102
Phek,Meluri,GMS Meluri Town,13080302107
Phek,Meluri,GMS Meluri Village,13080300502
Phek,Meluri,GPS Industry Colony Meluri Town,13080302106
Phek,Meluri,GPS Meluri Town,13080302101
Phek,Meluri,GPS Meluri Village,13080300501
Phek,Meluri,GMS Molen,13080302702
Phek,Meluri,GMS Weziho,13080301502
Phek,Meluri,GHS Phokungri,13080301002
Phek,Meluri,GPS Avangkhu,13080302601
Phek,Meluri,GPS Phokhungri,13080301001
Phek,Meluri,GHS Pholary,13080301403
Phek,Meluri,GMS New Phor,13080300802
Phek,Meluri,GPS Lower Phor,13080302201
Phek,Meluri,GHS Phoyisha Yesi,13080302902
Phek,Meluri,GPS Hutsu,13080302901
Phek,Meluri,GPS Kuzatu,13080300301
Phek,Meluri,GPS Yesi,13080300902
Phek,Meluri,GMS Shatuza,13080301202
Phek,Meluri,GHS Sutsu,13080301701
Phek,Meluri,GPS Laruri,13080300401
Phek,Meluri,GPS Sutsu,13080301702
Phek,Meluri,GMS New Thewati,13080300702
Phek,Meluri,GPS Old Thewati,13080301901
Phek,Meluri,GMS Zhipu,13080301602
Phek,Meluri,GPS Moke,13080302001
Phek,Meluri,GPS Washelo,13080301301
Phek,Pfutsero,GHS Mesulumi,13080200202
Phek,Pfutsero,GPS Mesulumi,13080200201
Phek,Pfutsero,GMS Enhulumi,13080200701
Phek,Pfutsero,GMS Old Town Chizami,13080200607
Phek,Pfutsero,Goyiepra Memorial GHS Chizami,13080200604
Phek,Pfutsero,GPS Chizami New Town,13080202704
Phek,Pfutsero,GPS Chizami Village,13080200601
Phek,Pfutsero,GPS Sumi Village,13080200901
Phek,Pfutsero,GHS Khezhakeno,13080200301
Phek,Pfutsero,GPS Khezhakeno,13080200302
Phek,Pfutsero,GPS Komuno,13080200303
Phek,Pfutsero,GHS Kikruma,13080201104
Phek,Pfutsero,GPS Rd Block Kikruma,13080201103
Phek,Pfutsero,GPS Kami,13080202201
Phek,Pfutsero,GPS Lekromi,13080201501
Phek,Pfutsero,GHSS Pfutsero Town,13080201605
Phek,Pfutsero,GMS Pfutseromi,13080200102
Phek,Pfutsero,GHS Rukizu,13080201603
Phek,Pfutsero,GPS Horti Farm Pfutsero,13080201604
Phek,Pfutsero,GPS Kikru Nara,13080201602
Phek,Pfutsero,GHS Pholami,13080200403
Phek,Pfutsero,GPS Phola Basa,13080200401
Phek,Pfutsero,GPS Phola Bawe,13080200402
Phek,Pfutsero,GHS Phusachodu,13080201406
Phek,Pfutsero,GPS Phusachodu A,13080201405
Phek,Pfutsero,GPS Phusachodu Sector,13080201403
Phek,Pfutsero,GHS Porba,13080202003
Phek,Pfutsero,GPS Porba A,13080202001
Phek,Pfutsero,GPS Porba B,13080202002
Phek,Pfutsero,GHS Razheba,13080200501
Phek,Pfutsero,GMS Tsupfuma,13080201902
Phek,Pfutsero,GMS Zavame,13080201302
Phek,Pfutsero,GPS Zeluma,13080201201
Phek,Pfutsero,GHS Sakraba Town,13080202602
Phek,Pfutsero,GMS Sakraba,13080202501
Phek,Pfutsero,GPS Sakraba Town,13080202601
Phek,Pfutsero,GPS Gidemi,13080202301
Phek,Pfutsero,GHS Thetsumi,13080201002
Phek,Pfutsero,GPS Thetsumi,13080201004
Phek,Pfutsero,GHS Zuketsa,13080202401
Phek,Pfutsero,GMS Leshemi,13080200801
Phek,Pfutsero,GMS Zapami,13080201701
Phek,Pfutsero,GPS Lewoza,13080200802
Phek,Pfutsero,GMS Lasumi,13080201801
Phek,Phek,GHS Kutsapo,13080100801
Phek,Phek,GPS Kutsapo B,13080100802
Phek,Phek,GHS Khomi,13080100701
Phek,Phek,GPS Lower Khomi,13080101901
Phek,Phek,GPS Upper Khomi,13080101801
Phek,Phek,GHS Khuza,13080100401
Phek,Phek,GMS Chephoketa,13080100302
Phek,Phek,GPS Metsale,13080101101
Phek,Phek,GMS Kotisu,13080100103
Phek,Phek,GPS Kizari,13080101301
Phek,Phek,GPS Tezatsu,13080101401
Phek,Phek,GHS Losami,13080100904
Phek,Phek,GMS Losa Basa,13080100903
Phek,Phek,GPS Losa Bawe,13080100901
Phek,Phek,GPS Losatephe,13080100905
Phek,Phek,GHS Losaphuhu,13080100501
Phek,Phek,GPS Lanyezho,13080104101
Phek,Phek,GPS Lozaphuhu B,13080100506
Phek,Phek,GHS Phek Town,13080103601
Phek,Phek,GHSS Phek Town,13080103701
Phek,Phek,GMS Kerehuba,13080103401
Phek,Phek,GMS Zion Colony Phek Town,13080103901
Phek,Phek,GPS Jericho 2,13080103801
Phek,Phek,GPS New Colony,13080103101
Phek,Phek,GPS Satheri,13080101001
Phek,Phek,GPS Surhoba,13080102101
Phek,Phek,GHS Sohomi,13080100201
Phek,Phek,GHS Phek Village,13080100602
Phek,Phek,GPS Phek Village,13080100601
Phek,Phek,GMS Phek Basa,13080102004
Phek,Phek,GPS Chosaba,13080102301
Phek,Phek,GMS Tehephu,13080101602
Phek,Phek,GPS Khutsokhuno,13080101701
Phek,Phek,GPS Suthotsu,13080101201
Shamator,Shamator,GMS Chassir,13020400901
Shamator,Shamator,GMS Muleangkiur,13020402201
Shamator,Shamator,GMS Y Anner,13020402001
Shamator,Shamator,GHS Chessore,13020402104
Shamator,Shamator,GPS Chessore A,13020402301
Shamator,Shamator,GMS Chessore B,13020402302
Shamator,Shamator,GPS Assor,13020402304
Shamator,Shamator,GPS Chessore Hq,13020402102
Shamator,Shamator,GPS Keyangru,13020401409
Shamator,Shamator,GPS Kiumehan Khel,13020401410
Shamator,Shamator,GPS New Lapongru,13020401407
Shamator,Shamator,GPS Tujinger Khel,13020401408
Shamator,Shamator,GHS Huker,13020401406
Shamator,Shamator,GMS Aiponger,13020401601
Shamator,Shamator,GPS Huker,13020401402
Shamator,Shamator,GPS Kephor,13020401701
Shamator,Shamator,GPS Kewungthu,13020400104
Shamator,Shamator,GHS Kuthur,13020100202
Shamator,Shamator,GMS Kuthur B,13020100203
Shamator,Shamator,GPS K Wongthu,13020100208
Shamator,Shamator,GPS Kuthur A,13020100201
Shamator,Shamator,GPS Kuthur C,13020100204
Shamator,Shamator,GMS Leangkonger,13020400601
Shamator,Shamator,GMS Nap Sector,13020400406
Shamator,Shamator,GPS Akhilo Khel,13020400413
Shamator,Shamator,GHS Mango,13020401101
Shamator,Shamator,GPS Shipong A,13020401901
Shamator,Shamator,GMS Pungrungru,13020404301
Shamator,Shamator,GMS Rurur B,13020400502
Shamator,Shamator,GPS Huhtangru,13020404401
Shamator,Shamator,GPS Rurur A,13020400501
Shamator,Shamator,GHS Sangkor,13020401203
Shamator,Shamator,GMS Sangphur B,13020400102
Shamator,Shamator,GPS Sangphur A,13020400101
Shamator,Shamator,GPS Yakor,13020400701
Shamator,Shamator,GHSS Shamator,13020400405
Shamator,Shamator,GMS Shamator A,13020400401
Shamator,Shamator,GMS Shamator Village,13020401001
Shamator,Shamator,GPS Shamator B,13020400402
Shamator,Shamator,GPS Shipong Khel,13020400412
Shamator,Shamator,GPS K. Longsor,13020401501
Shamator,Shamator,GPS Shipong B,13020401902
Shamator,Shamator,GMS Sikiur A,13020400201
Shamator,Shamator,GMS Sikiur B,13020400202
Shamator,Shamator,GMS Waphur,13020400301
Shamator,Shamator,GPS Laskiur,13020400801
Shamator,Shamator,GPS Yaye Bridge,13020400503
Shamator,Shamator,GHS Sotokur,13020100104
Shamator,Shamator,GMS Longtoker,13020102001
Shamator,Shamator,GMS Sotokur A,13020100101
Shamator,Shamator,GPS Sotokur B,13020100102
Shamator,Shamator,GPS Sotokur C,13020100103
Shamator,Shamator,GMS Kiutsukiur,13020401801
Tseminyu,Tseminyu,GHS Chunlikha,13070402102
Tseminyu,Tseminyu,GPS Nsunyu,13070402601
Tseminyu,Tseminyu,GPS Likhwenchu,13070404201
Tseminyu,Tseminyu,GHS Kandinu,13070401902
Tseminyu,Tseminyu,GMS Kandinu Upper,13070401903
Tseminyu,Tseminyu,GMS Tsonsa,13070402201
Tseminyu,Tseminyu,GPS Sishunu,13070401801
Tseminyu,Tseminyu,GHS Kasha,13070400902
Tseminyu,Tseminyu,GPS Phenwhenyu,13070402901
Tseminyu,Tseminyu,GPS Kashanyishin,13070403502
Tseminyu,Tseminyu,GPS Kashanyu,13070400901
Tseminyu,Tseminyu,GMS Phenshunyu,13070402502
Tseminyu,Tseminyu,GMS Rumesinyu,13070400201
Tseminyu,Tseminyu,GPS Khenyu,13070402801
Tseminyu,Tseminyu,GHS Sendenyu,13070400502
Tseminyu,Tseminyu,GPS New Sendenyu,13070400601
Tseminyu,Tseminyu,GPS Sendenyu,13070400501
Tseminyu,Tseminyu,GPS Thongsunyu,13070404001
Tseminyu,Tseminyu,GPS Henbenji,13070403402
Tseminyu,Tseminyu,GPS New Terogvunyu,13070403302
Tseminyu,Tseminyu,GPS Terogvunyu,13070402401
Tseminyu,Tseminyu,GPS Khonibinjun,13070403102
Tseminyu,Tseminyu,GHS Tesophenyu,13070401403
Tseminyu,Tseminyu,GMS Tesophenyu Upper,13070403601
Tseminyu,Tseminyu,GPS New Tesophenyu,13070403701
Tseminyu,Tseminyu,GPS Sewanu,13070404101
Tseminyu,Tseminyu,GPS Tesophenyu Lower,13070403201
Tseminyu,Tseminyu,GPS Ziphenyu,13070400301
Tseminyu,Tseminyu,GHS Tseminyu Town,13070401702
Tseminyu,Tseminyu,GPS Adc Hill Tseminyu,13070401703
Tseminyu,Tseminyu,GPS Tseminyu Ward 8,13070401704
Tseminyu,Tseminyu,GHSS Tseminyu,13070401602
Tseminyu,Tseminyu,GPS Tseminyu Old Town,13070401601
Tseminyu,Tseminyu,GPS Tseminyu South Village,13070403801
Tseminyu,Tseminyu,GMS Tseminyu Village,13070401502
Tseminyu,Tseminyu,GPS Ngvuphen,13070404301
Tseminyu,Tseminyu,GPS Zisunyu,13070400801
Tseminyu,Tseminyu,GPS Gukhanyu,13070401201
Tseminyu,Tseminyu,GMS Logwensunyu,13070401001
Tseminyu,Tseminyu,GMS Rengmapani,13070401101
Tseminyu,Tseminyu,GMS Tsosinyu,13070400703
Tseminyu,Tseminyu,GMS Yikhanu,13070400401
Tseminyu,Tseminyu,GPS Ehunu,13070402701
Tuensang,Hakushang,GHS Chingmei,13020501802
Tuensang,Hakushang,GMS Yimpang,13020501902
Tuensang,Hakushang,GPS Taknyu,13020502101
Tuensang,Hakushang,GPS Waoshou,13020502001
Tuensang,Hakushang,GHS Chingmelen,13020100707
Tuensang,Hakushang,GMS Helipong,13020101001
Tuensang,Hakushang,GMS Ngangpong,13020101401
Tuensang,Hakushang,GMS Sipongsang,13020100801
Tuensang,Hakushang,GPS Chingmelen B,13020100702
Tuensang,Hakushang,GPS Helipong B,13020101002
Tuensang,Hakushang,GHS Hakchang,13020101502
Tuensang,Hakushang,GHS Sangsangyu,13020101807
Tuensang,Hakushang,GPS Kejok,13020101301
Tuensang,Hakushang,GPS Keshai,13020102101
Tuensang,Hakushang,GPS Maksha,13020101701
Tuensang,Hakushang,GPS Nyinyem,13020101201
Tuensang,Hakushang,GHS Konya,13020100401
Tuensang,Hakushang,GMS Chendang,13020101101
Tuensang,Hakushang,GPS Chendang Saddle,13020501701
Tuensang,Hakushang,GPS Konya,13020100402
Tuensang,Hakushang,GMS 3Rd Nap Sakshi,13020100605
Tuensang,Hakushang,GPS Buthambou,13020101601
Tuensang,Hakushang,GPS Haak,13020100901
Tuensang,Hakushang,GPS Khudei,13020100501
Tuensang,Hakushang,GPS Mkg-Noksen Road,13020100639
Tuensang,Hakushang,GHS Chaba,13020100635
Tuensang,Hakushang,GHSS Hakushang,13020100634
Tuensang,Hakushang,GHSS Thangjam,13020100620
Tuensang,Hakushang,GHSS Tuensang,13020100611
Tuensang,Hakushang,GMS Post Office,13020100610
Tuensang,Hakushang,GMS Station II,13020100607
Tuensang,Hakushang,GMS Wongtsuwong,13020100603
Tuensang,Hakushang,GHS Tuensang Village,13020100301
Tuensang,Hakushang,GPS K Khel,13020100311
Tuensang,Hakushang,GPS L Khel,13020100302
Tuensang,Hakushang,GPS M Khel,13020100304
Tuensang,Hakushang,GPS U Khel,13020100303
Tuensang,Longkhim,GHS Angangba,13020300603
Tuensang,Longkhim,GMS Lirise,13020300901
Tuensang,Longkhim,GPS Angangba A,13020300601
Tuensang,Longkhim,GPS Angangba B,13020300602
Tuensang,Longkhim,GPS Lirise B,13020300906
Tuensang,Longkhim,GHS Chare,13020300405
Tuensang,Longkhim,GMS Lanutemjen,13020300501
Tuensang,Longkhim,GPS Chare Town,13020300403
Tuensang,Longkhim,GPS New Khel,13020300502
Tuensang,Longkhim,GPS Chungliyimti B,13020300701
Tuensang,Longkhim,GHS Chimonger,13020300103
Tuensang,Longkhim,GMS Nyuli,13020300101
Tuensang,Longkhim,GPS Longdi,13020300102
Tuensang,Longkhim,GHS Chungtor,13020301806
Tuensang,Longkhim,GPS Phoya A,13020301803
Tuensang,Longkhim,GHSS Longkhim,13020302003
Tuensang,Longkhim,GMS Sangsomong,13020301601
Tuensang,Longkhim,GPS Longkhim,13020302005
Tuensang,Longkhim,GHS Longthrok,13020300202
Tuensang,Longkhim,GMS Alemti,13020300802
Tuensang,Longkhim,GPS Chungliyimti,13020300301
Tuensang,Longkhim,GPS New Tsadang,13020300201
Tuensang,Longkhim,GPS Old Tsadang,13020300801
Tuensang,Longkhim,GMS Old Mangakhi,13020301901
Tuensang,Longkhim,GPS New Mangakhi,13020301501
Tuensang,Longkhim,GMS Phir-Ahir,13020301701
Tuensang,Longkhim,GPS Holongba,13020302301
Tuensang,Longkhim,GHS Tonglongsor,13020302203
Tuensang,Longkhim,GPS Longkhipteh,13020301101
Tuensang,Longkhim,GMS Alisopur,13020301402
Tuensang,Longkhim,GMS Tronger A,13020301001
Tuensang,Longkhim,GPS Kiding,13020301301
Tuensang,Longkhim,GPS Singthong Tronger B,13020301002
Tuensang,Longkhim,GMS Yangli,13020301201
Tuensang,Longkhim,GPS Lithsami,13020302101
Tuensang,Longkhim,GPS New Sangsomong,13020303101
Tuensang,Noksen,GHS Ngounchung,13020200503
Tuensang,Noksen,GMS Longdang,13020201201
Tuensang,Noksen,GMS Yali,13020201401
Tuensang,Noksen,GPS Nakshou,13020200601
Tuensang,Noksen,GMS Longra,13020200701
Tuensang,Noksen,GMS Noksen,13020200801
Tuensang,Noksen,GPS Noksen B,13020200803
Tuensang,Noksen,GPS Longra B,13020200702
Tuensang,Noksen,GHS Noksen Town,13020201304
Tuensang,Noksen,GMS Yemrup,13020200101
Tuensang,Noksen,GPS Moadang,13020201302
Tuensang,Noksen,GMS Sangchen,13020201002
Tuensang,Noksen,GPS Lokhung,13020201701
Tuensang,Noksen,GPS Momching,13020201801
Tuensang,Noksen,GPS Saoshou,13020200901
Tuensang,Noksen,GHS Yangpi,13020201101
Tuensang,Noksen,GMS Bhumbak,13020201901
Tuensang,Noksen,GPS Yangpi A,13020201102
Tuensang,Noksen,GPS Yangpi B,13020201103
Tuensang,Noksen,GMS Yokumsang,13020200401
Tuensang,Noksen,GPS Angan,13020200309
Tuensang,Noksen,GPS Kumpong,13020200201
Tuensang,Noksen,GPS Yonyu,13020201501
Wokha,Bhandari,GHS Baghty,13050304101
Wokha,Bhandari,GHSS Bhandari,13050305301
Wokha,Bhandari,GMS Soku,13050302601
Wokha,Bhandari,GMS Yimparasa,13050302801
Wokha,Bhandari,GPS Bhandari Village,13050300902
Wokha,Bhandari,GPS Baghty Town,13050304102
Wokha,Bhandari,GPS Industry Khel Baghty,13050304106
Wokha,Bhandari,GPS Makharong,13050307201
Wokha,Bhandari,GPS Upper Baghty,13050304105
Wokha,Bhandari,GHS Lio Longidang,13050304901
Wokha,Bhandari,GHS Rachan Old Tssori,13050306703
Wokha,Bhandari,GMS New Tssori,13050301601
Wokha,Bhandari,GPS Chanpang Ongc,13050301803
Wokha,Bhandari,GPS Chanpang Village,13050301801
Wokha,Bhandari,GPS Longtsiri,13050305901
Wokha,Bhandari,GHS Akuk,13050300405
Wokha,Bhandari,GHS Mekokla,13050303302
Wokha,Bhandari,GHS Aitepyong,13050302501
Wokha,Bhandari,GMS Lakhuti B,13050300504
Wokha,Bhandari,GPS Akuk B,13050300403
Wokha,Bhandari,GPS Mekokla B,13050303303
Wokha,Bhandari,GPS Akahuto,13030600701
Wokha,Bhandari,GPS Aqhaitito,13030601401
Wokha,Bhandari,GPS Khakuthato,13030600801
Wokha,Bhandari,GPS Methethe,13030600501
Wokha,Bhandari,GPS Akuhaiqa,13030601301
Wokha,Bhandari,GPS Chanka,13050306501
Wokha,Bhandari,GPS New Akuk,13050301701
Wokha,Bhandari,GPS Hayiyan,13050306001
Wokha,Bhandari,GPS Mongphio,13050301301
Wokha,Bhandari,GPS New Lio Wokha,13050301901
Wokha,Bhandari,GPS Pangtong,13050304201
Wokha,Bhandari,GPS Roni,13050302001
Wokha,Bhandari,GPS Serika,13050304401
Wokha,Bhandari,GPS Sungkha,13050302901
Wokha,Bhandari,GMS Old Yanmhon,13050303101
Wokha,Bhandari,GPS Liphi,13050302401
Wokha,Bhandari,GPS Longjang,13050306901
Wokha,Bhandari,GPS Old Koro,13050304501
Wokha,Bhandari,GPS Yamhon New,13050303201
Wokha,Bhandari,GPS New Koro,13050307001
Wokha,Bhandari,GPS Ruchan,13050303102
Wokha,Bhandari,GHS Ralan,13050300301
Wokha,Bhandari,GPS Hanku,13050303701
Wokha,Bhandari,GPS Nrung Lonchum,13050300601
Wokha,Bhandari,GPS Woruku,13050302301
Wokha,Bhandari,GPS Yankeli,13050300101
Wokha,Bhandari,GPS Old Chandalashung,13050300201
Wokha,Bhandari,GPS Azuhoto,13050303501
Wokha,Bhandari,GPS Litchuyan,13050306101
Wokha,Bhandari,GPS New Amboto,13050303902
Wokha,Bhandari,GPS New Wozhu,13050303601
Wokha,Bhandari,GPS Old Amboto,13050303901
Wokha,Bhandari,GPS Old Wozhu,13050303401
Wokha,Bhandari,GPS Sumito,13050306601
Wokha,Bhandari,GMS Old Ralan,13050302204
Wokha,Bhandari,GHS Liphanyan,13050300801
Wokha,Bhandari,GMS New Chandalashung,13050301102
Wokha,Bhandari,GMS Yanpha,13050303002
Wokha,Bhandari,GPS Ronsuyan,13050306201
Wokha,Bhandari,GHS Yimpang,13050304602
Wokha,Bhandari,GMS Merapani,13050304301
Wokha,Bhandari,GPS Alikhum,13050300701
Wokha,Bhandari,GPS Lio Longchum,13050304701
Wokha,Bhandari,GPS Longayim,13050302701
Wokha,Bhandari,GPS Mekirang,13050301001
Wokha,Bhandari,GPS Yimpang,13050304601
Wokha,Sanis,GHS Longtsung,13050201701
Wokha,Sanis,GHS Lotsu,13050201902
Wokha,Sanis,GMS Pyotchu,13050202201
Wokha,Sanis,GPS Lotsu,13050201901
Wokha,Sanis,GPS Moilan,13050202101
Wokha,Sanis,GPS Morakjo,13050201801
Wokha,Sanis,GPS Pyangsa,13050202001
Wokha,Sanis,GHS Sanis,13050202601
Wokha,Sanis,GMS Mesangphen,13050201401
Wokha,Sanis,GPS Sanis 0 Point,13050201303
Wokha,Sanis,GPS Sanis Town,13050201301
Wokha,Sanis,GPS Sanis Village,13050201201
Wokha,Sanis,GMS Sunglup,13050201101
Wokha,Sanis,GHS Aree Old,13050200601
Wokha,Sanis,GHSS Sungro,13050202701
Wokha,Sanis,GMS Okotso,13050200501
Wokha,Sanis,GPS Pangti,13050200403
Wokha,Sanis,GPS Pangti A,13050200401
Wokha,Wokha,GHS Changsu,13050101101
Wokha,Wokha,GHS Englan,13050100304
Wokha,Wokha,GMS New Changsu,13050101001
Wokha,Wokha,GMS Yikhum B,13050103802
Wokha,Wokha,GPS Changsu A,13050101102
Wokha,Wokha,GPS Englan,13050100303
Wokha,Wokha,GPS Riphyim New,13050104501
Wokha,Wokha,GPS Old Riphyim ,13050104002
Wokha,Wokha,GPS Yikhum A,13050103801
Wokha,Wokha,GHSS Chukitong,13050100206
Wokha,Wokha,GMS Seluku,13050104601
Wokha,Wokha,GMS Tsungiki A,13050101701
Wokha,Wokha,GPS Koio,13050102401
Wokha,Wokha,GMS Mungya,13050102501
Wokha,Wokha,GMS Nungying,13050102201
Wokha,Wokha,GMS Elumyo,13050104703
Wokha,Wokha,GMS Humtso,13050103701
Wokha,Wokha,GHS Longsa,13050102005
Wokha,Wokha,GMS Longsa A,13050102001
Wokha,Wokha,GPS Niropen,13050107101
Wokha,Wokha,GPS Saron,13050107801
Wokha,Wokha,GMS Longla,13050102601
Wokha,Wokha,GMS Longsachung,13050103201
Wokha,Wokha,GMS N. Longidang,13050101906
Wokha,Wokha,GMS Niriyo,13050103301
Wokha,Wokha,GMS Nyro Centre,13050101202
Wokha,Wokha,GPS Yanthamo,13050103101
Wokha,Wokha,GHSS Wokha,13050106502
Wokha,Wokha,GMS Wokha Town B,13050106603
Wokha,Wokha,GMS Wokha Town D,13050107903
Wokha,Wokha,GPS GHSS Ward,13050107201
Wokha,Wokha,GPS Molonsu,13050106304
Wokha,Wokha,GPS Vungotchu,13050105602
Wokha,Wokha,GMS Wokha Town A,13050105902
Wokha,Wokha,GPS Bluehill,13050106204
Wokha,Wokha,GPS Midland Wokha,13050105401
Wokha,Wokha,GPS Orchid,13050106703
Wokha,Wokha,GMS Wokha Town C,13050106103
Wokha,Wokha,GPS Airfield,13050107601
Wokha,Wokha,GPS Etsutchukha,13050105803
Wokha,Wokha,GPS Titapen,13050105201
Wokha,Wokha,GHS Wokha Village,13050100605
Wokha,Wokha,GMS Wokha Village B,13050100603
Wokha,Wokha,GPS New Wokha Village,13050100606
Wokha,Wokha,GHS Wozhuro,13050101501
Wokha,Wokha,GPS Phiro A,13050102801
Wokha,Wokha,GPS Sankiton,13050103501
Wokha,Wokha,GPS Shaki,13050100501
Wokha,Wokha,GPS Totsu,13050102803
Wokha,Wokha,GMS Pongidong,13050103401
Wokha,Wokha,GPS Meriyan,13050103502
Zunheboto,Aghunato,GHSS Aghunato,13040400402
Zunheboto,Aghunato,GMS Aghunato Town,13040400401
Zunheboto,Aghunato,GPS Pwd Aghunato,13040400501
Zunheboto,Aghunato,GMS Aquba Old,13040400802
Zunheboto,Aghunato,GMS Luthsumi,13040401902
Zunheboto,Aghunato,GPS Aquba New,13040405501
Zunheboto,Aghunato,GPS Lukhuyi,13040401801
Zunheboto,Aghunato,GMS Asuto,13040400602
Zunheboto,Aghunato,GPS Asuto Town,13040400601
Zunheboto,Aghunato,GPS Yevishe,13040404101
Zunheboto,Aghunato,GMS Achikuchu,13040400102
Zunheboto,Aghunato,GPS Asuto Village,13040400701
Zunheboto,Aghunato,GPS Tokiye,13040405001
Zunheboto,Aghunato,GPS Yeshito,13040403301
Zunheboto,Aghunato,GPS Ghokishe,13040405601
Zunheboto,Aghunato,GPS Ghuvishe,13040403001
Zunheboto,Aghunato,GPS Luvishe New,13040402001
Zunheboto,Aghunato,GPS Luvishe Old,13040402101
Zunheboto,Aghunato,GPS Tsukomi New,13040404401
Zunheboto,Aghunato,GPS Zheishe,13040403501
Zunheboto,Aghunato,GMS Hoshepu,13040403802
Zunheboto,Aghunato,GMS Khekiye,13040403901
Zunheboto,Aghunato,GPS Khewoto,13040401101
Zunheboto,Aghunato,GPS Nihoshe S,13040404001
Zunheboto,Aghunato,GPS Khumishi S,13040401301
Zunheboto,Aghunato,GPS Khumishi Y,13040401302
Zunheboto,Aghunato,GMS Atokiji,13040401702
Zunheboto,Aghunato,GPS Kitahu,13040404301
Zunheboto,Aghunato,GPS Koiboto,13040401501
Zunheboto,Aghunato,GPS Tazuhu,13040402701
Zunheboto,Aghunato,GPS Tuzuhu,13040404901
Zunheboto,Aghunato,GMS Keltomi,13040400901
Zunheboto,Aghunato,GMS Ngozubo,13040402301
Zunheboto,Aghunato,GMS Phulesheto,13040402501
Zunheboto,Aghunato,GPS Melahu,13040402201
Zunheboto,Aghunato,GPS Nizhevi Aghunato,13040402401
Zunheboto,Aghunato,GMS Sahuboto,13040402601
Zunheboto,Aghunato,GPS Aghuilito,13040400301
Zunheboto,Aghunato,GMS L/Shevishe,13040401601
Zunheboto,Aghunato,GPS Lukikhe,13040404201
Zunheboto,Aghunato,GHS Tizu Island,13040403701
Zunheboto,Aghunato,GMS Kathara,13040403601
Zunheboto,Aghunato,GMS Aghiyilimi,13040400201
Zunheboto,Aghunato,GPS Khetoi,13040401001
Zunheboto,Aghunato,GMS Khukishe,13040401201
Zunheboto,Aghunato,GMS Tokiye,13040402903
Zunheboto,Aghunato,GMS Viyilho,13040403101
Zunheboto,Aghunato,GPS Thokihi,13040402801
Zunheboto,Aghunato,GPS Viyixe,13040403201
Zunheboto,Aghunato,GPS Yezashi,13040403401
Zunheboto,Akuluto,GMS Aizuto,13040200401
Zunheboto,Akuluto,GMS Aotsakilimi,13040203201
Zunheboto,Akuluto,GMS Naghuto Old,13040202001
Zunheboto,Akuluto,GPS Lokobomi,13040201401
Zunheboto,Akuluto,GPS Naghuto New,13040201901
Zunheboto,Akuluto,GHS Akuhaito Town,13040200801
Zunheboto,Akuluto,GMS Philimi,13040203801
Zunheboto,Akuluto,GHSS Akuluto,13040200604
Zunheboto,Akuluto,GMS Lumithsami,13040201101
Zunheboto,Akuluto,GPS Alaphumi,13040200201
Zunheboto,Akuluto,GPS Shichimi,13040202201
Zunheboto,Akuluto,GPS Sutemi,13040202501
Zunheboto,Akuluto,GPS Zunhekita,13040200612
Zunheboto,Akuluto,GHS Apukito,13040200303
Zunheboto,Akuluto,GPS Khungbo,13040202003
Zunheboto,Akuluto,GMS Asukhuto Town,13040200901
Zunheboto,Akuluto,GPS Asukhuto Village,13040200501
Zunheboto,Akuluto,GPS Vekuho Old,13040202701
Zunheboto,Akuluto,GHS Atoizu,13040203503
Zunheboto,Akuluto,GPS Atoizu Town,13040203501
Zunheboto,Akuluto,GPS Emloto,13040203702
Zunheboto,Akuluto,GPS Litsami,13040201201
Zunheboto,Akuluto,GPS Yesholutomi,13040202901
Zunheboto,Akuluto,GMS Sukomi,13040202301
Zunheboto,Akuluto,GMS Litta,13040201302
Zunheboto,Akuluto,GMS Sastami,13040203301
Zunheboto,Akuluto,GPS Ajiqa,13040204501
Zunheboto,Akuluto,GPS Izheto,13040203601
Zunheboto,Akuluto,GMS T Valley,13040201602
Zunheboto,Akuluto,GPS Lotisami New,13040204101
Zunheboto,Akuluto,GMS Rotomi,13040204002
Zunheboto,Akuluto,GPS Krimutomi,13040201001
Zunheboto,Akuluto,GPS Rotto New,13040204003
Zunheboto,Akuluto,GMS Sumi-Settsu,13040202401
Zunheboto,Akuluto,GPS Lumami,13040201501
Zunheboto,Akuluto,GPS Zaphumi,13040203001
Zunheboto,Akuluto,GHS Vk Town,13040203901
Zunheboto,Akuluto,GMS Phishumi,13040202101
Zunheboto,Akuluto,GPS Maromi,13040201701
Zunheboto,Akuluto,GPS Mukhami,13040201801
Zunheboto,Pughoboto,GHS Asukiqa,13040602903
Zunheboto,Pughoboto,GMS Tsaphimi,13040602001
Zunheboto,Pughoboto,GPS Ghokimi,13040602701
Zunheboto,Pughoboto,GPS Kitami,13040600801
Zunheboto,Pughoboto,GPS Puneboqa,13040603201
Zunheboto,Pughoboto,GMS Chishilimi,13040600601
Zunheboto,Pughoboto,GMS Chisholimi,13040600501
Zunheboto,Pughoboto,GHS Ghathasi,13040601704
Zunheboto,Pughoboto,GMS Iphonumi,13040601601
Zunheboto,Pughoboto,GPS Tukuliqa,13040602201
Zunheboto,Pughoboto,GMS Hebolimi,13040600701
Zunheboto,Pughoboto,GPS Hebolimi Old,13040600703
Zunheboto,Pughoboto,GHS Ighanumi,13040602602
Zunheboto,Pughoboto,GPS Ighanu (Ghaji),13040601803
Zunheboto,Pughoboto,GMS Kichilimi,13040602401
Zunheboto,Pughoboto,GPS Awohumi,13040601501
Zunheboto,Pughoboto,GHS Kilomi,13040603004
Zunheboto,Pughoboto,GPS Kughutomi,13040600401
Zunheboto,Pughoboto,GPS Lazami Izuqa,13040602101
Zunheboto,Pughoboto,GPS Lazami Lazakito,13040601401
Zunheboto,Pughoboto,GHS Lazami,13040601403
Zunheboto,Pughoboto,GPS Laza Iyinu,13040601301
Zunheboto,Pughoboto,GPS Laza Khuluqa,13040603101
Zunheboto,Pughoboto,GMS Mukalimi,13040602801
Zunheboto,Pughoboto,GPS Shesulimi,13040602301
Zunheboto,Pughoboto,GMS Natsumi,13040600901
Zunheboto,Pughoboto,GHSS Pughoboto,13040601005
Zunheboto,Pughoboto,GMS Mishili Phuye,13040601202
Zunheboto,Pughoboto,GPS Heboluqa,13040601008
Zunheboto,Pughoboto,GPS Mishili Phuye,13040601201
Zunheboto,Pughoboto,GPS Mishili Yepaqa,13040601101
Zunheboto,Satakha,GMS Aghuyito,13040500102
Zunheboto,Satakha,GPS Shoixe,13040502901
Zunheboto,Satakha,GPS Zhekiye,13040504001
Zunheboto,Satakha,GMS Kiyekhu,13040501301
Zunheboto,Satakha,GMS Itovi,13040500801
Zunheboto,Satakha,GPS Hokiye,13040500601
Zunheboto,Satakha,GMS Khukiye,13040500901
Zunheboto,Satakha,GPS Lukhai,13040501501
Zunheboto,Satakha,GMS Kulhopu,13040501402
Zunheboto,Satakha,GPS Zungti,13040503901
Zunheboto,Satakha,GPS Xukhepu,13040503601
Zunheboto,Satakha,GMS Ghukiye,13040500201
Zunheboto,Satakha,GPS Nikuto,13040501801
Zunheboto,Satakha,GHS Saptiqa,13040502001
Zunheboto,Satakha,GMS Usutomi,13040503501
Zunheboto,Satakha,GPS Zhevishe,13040503503
Zunheboto,Satakha,GHSS Satakha Town,13040502101
Zunheboto,Satakha,GMS Satakha Old Town,13040502301
Zunheboto,Satakha,GPS Satakha New Colony,13040502201
Zunheboto,Satakha,GPS Momi,13040501601
Zunheboto,Satakha,GMS Satoi Town,13040502601
Zunheboto,Satakha,GMS Ghokhuvi,13040500301
Zunheboto,Satakha,GMS Shena Old,13040502701
Zunheboto,Satakha,GPS Shena New,13040501701
Zunheboto,Satakha,GMS Shoipu,13040502801
Zunheboto,Satakha,GPS Hoishe,13040500501
Zunheboto,Satakha,GPS Nunumi,13040501901
Zunheboto,Satakha,GPS Tukunasami,13040503401
Zunheboto,Satakha,GPS Ghukhui,13040500401
Zunheboto,Satakha,GPS Sukhai,13040503001
Zunheboto,Satakha,GMS Thakiye,13040503101
Zunheboto,Satakha,GMS Tsutoho,13040503302
Zunheboto,Satakha,GHS Xamunuboto,13040501203
Zunheboto,Satakha,GHS Xuivi,13040503803
Zunheboto,Satakha,GPS Kilo Old,13040501101
Zunheboto,Satakha,GPS Vishepu,13040503701
Zunheboto,Zunheboto,GMS A Saghe,13040104501
Zunheboto,Zunheboto,GPS A Saghe M,13040104503
Zunheboto,Zunheboto,GPS A Saghe N,13040104701
Zunheboto,Zunheboto,GMS Amphoto,13040105201
Zunheboto,Zunheboto,GMS Police Reserve,13040103102
Zunheboto,Zunheboto,GPS Natha New,13040102001
Zunheboto,Zunheboto,GPS South Point West,13040105301
Zunheboto,Zunheboto,GHS Asuloto,13040100104
Zunheboto,Zunheboto,GPS Lochomi,13040100301
Zunheboto,Zunheboto,GPS Naltoqa,13040104805
Zunheboto,Zunheboto,GPS Yezami,13040102401
Zunheboto,Zunheboto,GMS Alhahuto,13040105601
Zunheboto,Zunheboto,GMS Baimho,13040102501
Zunheboto,Zunheboto,GPS New Land,13040101701
Zunheboto,Zunheboto,GPS Shotomi,13040101901
Zunheboto,Zunheboto,GMS Dc Hill,13040105401
Zunheboto,Zunheboto,GMS Natha Old,13040102101
Zunheboto,Zunheboto,GPS Dc Hill West,13040105404
Zunheboto,Zunheboto,GHS South Point East,13040105305
Zunheboto,Zunheboto,GMS Kawoto,13040102701
Zunheboto,Zunheboto,GPS Project East Colony,13040105105
Zunheboto,Zunheboto,GPS Lizu Avikato,13040100801
Zunheboto,Zunheboto,GPS Lizu Naghuto,13040102601
Zunheboto,Zunheboto,GPS Lizu New,13040100701
Zunheboto,Zunheboto,GMS Nito Mount,13040102901
Zunheboto,Zunheboto,GMS North Point,13040105901
Zunheboto,Zunheboto,GPS Hekiye,13040100401
Zunheboto,Zunheboto,GPS Khuwoboto,13040105801
Zunheboto,Zunheboto,GMS Phuye New,13040103501
Zunheboto,Zunheboto,GPS Phuye Old,13040103601
Zunheboto,Zunheboto,GHS Sapoti,13040103701
Zunheboto,Zunheboto,GMS Tichipa,13040103802
Zunheboto,Zunheboto,GPS Kholeboto,13040103301
Zunheboto,Zunheboto,GPS Zhekuto,13040104401
Zunheboto,Zunheboto,GMS Sukhalu,13040102201
Zunheboto,Zunheboto,GPS Yemishe,13040102301
Zunheboto,Zunheboto,GHS Suruhuto,13040103901
Zunheboto,Zunheboto,GPS Suruhuto B,13040104001
Zunheboto,Zunheboto,GMS Surumi,13040104102
Zunheboto,Zunheboto,GPS Surumi South,13040104104
Zunheboto,Zunheboto,GMS Medical Colony Suruhuto,13040103401
Zunheboto,Zunheboto,GMS Yehemi,13040104301
Zunheboto,Zunheboto,GPS Kiyetha,13040103201
Zunheboto,Zunheboto,GPS Vedami,13040104601
Zunheboto,Zunheboto,GMS New Colony,13040105503
Zunheboto,Zunheboto,GMS Laghilato,13040104901
Zunheboto,Zunheboto,GMS Old Town Zunheboto,13040105701
Zunheboto,Zunheboto,GPS Project West,13040105106
Zunheboto,Zunheboto,GPS Sheyipu,13040101801
Zunheboto,Zunheboto,GHS Shovishe Memorial Project Colony,13040105101
Zunheboto,Zunheboto,GHSS Zunheboto,13040105704
